flow_duration,Header_Length,Protocol Type,Duration,Rate,Srate,Drate,fin_flag_number,syn_flag_number,rst_flag_number,psh_flag_number,ack_flag_number,ece_flag_number,cwr_flag_number,ack_count,syn_count,fin_count,urg_count,rst_count,HTTP,HTTPS,DNS,Telnet,SMTP,SSH,IRC,TCP,UDP,DHCP,ARP,ICMP,IPv,LLC,Tot sum,Min,Max,AVG,Std,Tot size,IAT,Number,Magnitue,Radius,Covariance,Variance,Weight,label
3.740934144540006,134.53016540254478,6.0,64.34217450157979,4.145615077282965,0.5994627320253467,0.06380804423309183,0.0,1.0,0.0,0.0,0.0,0.0,0.0,0.0,2.012226801090955,0.0,0.0,0.0,0.0,0.0,0.0,0.0,0.0,0.0,0.0,1.0,0.0,0.0,0.0,0.0,1.0,1.0,606.0743390918931,54.99003794849619,55.45076208487327,52.17694096757307,1.919758411074561,25.584893416201123,82972341.91476998,9.095822438386481,10.729191801514686,4.234736177781045,0.0,3.8025966259641475,142.5666297155421,1
0.0,100.14237177908396,6.0,64.37785813472561,0.40647326808334583,0.0,0.12277253114077769,0.0,1.0,0.0,0.0,0.0,0.0,0.0,0.0,1.0669471239903434,0.4911067831315902,0.30292849386561493,0.4968977316621088,1.0,0.0,0.0,0.0,0.0,0.0,0.0,1.0,0.0,0.0,0.0,0.0,1.0,1.0,581.656726948896,53.79734564445032,52.64911836121482,55.41631152997811,0.14336798133356687,53.113818112882655,83094923.29881945,9.53434309240166,10.84340488942369,4.736255669835149,5.894473672270099,0.8438564154348258,142.4619535577493,1
0.0,25.922289311400064,47.0,63.94177732586385,19.55035840861754,17.51358546723194,0.0,0.0,0.0,0.0,0.0,0.0,0.0,0.0,0.17030137706178206,0.023243835653464995,0.3186007886131582,0.05017824609305843,0.0,0.0,0.0,0.0,0.0,0.0,0.0,0.0,0.0,0.0,0.0,0.0,0.0,1.0,1.0,6207.757000356341,592.6318074449579,596.3431679247846,593.2062256985503,0.8869848203608912,544.4987249593133,83680781.94148695,9.01849489964774,34.64975728895393,0.0,0.0,1.8408222287735407,141.21805475987438,1
0.0,64.77720090389681,6.0,64.47462694020811,19.947525223293198,18.68840096944957,0.0,0.0,0.0,0.0,1.0,1.0,0.0,0.0,0.11002229944559527,0.11295153932702351,0.0,1.223826326562401,1.1849673274883357,0.0,0.0,0.0,0.0,0.0,0.0,0.0,1.0,0.0,0.0,0.0,0.0,1.0,1.0,532.3706292572653,54.544153200618624,56.702210776526755,55.13066696333996,0.0,90.0315882299639,83330405.77901639,9.800676447368343,9.965688725677513,0.0,0.0,0.0,141.51622489537294,1
35.001171025887125,30336.181560728375,6.0,149.21832746791964,8.536727456560742,4.0772946993428185,0.0,0.0,0.0,0.0,0.0,1.0,0.0,0.0,0.0,0.6918678153918139,0.0,37.42907777631226,101.61984677688763,0.0,1.0,0.0,0.0,0.0,0.0,0.0,1.0,0.0,0.0,0.0,0.0,1.0,1.0,1170.6088107480089,66.14277191286538,640.536441615315,197.45088858738671,204.81237252560834,183.38833238858388,404.28441796404974,5.37358648488751,19.201637503441045,288.15390813554495,53226.28681102151,0.0,37.271986485568654,0
0.0,62.78120723545598,6.0,64.28164714590338,61.68232099463219,59.23931531673031,0.0,0.0,0.0,0.0,1.0,1.0,0.0,0.0,0.2880901621914391,0.42385588768885196,0.0010313159080651557,1.0360936449798825,0.558832196995428,0.0,0.0,0.0,0.0,0.0,0.0,0.0,1.0,0.0,0.0,0.0,0.0,1.0,1.0,559.0837990606158,54.261350122032816,53.091422110404935,58.19143464296098,0.2037124432131754,72.62631446170002,83331247.76482771,9.640695250905889,10.670855132146556,3.8222675941174487,9.037396215344241,0.0,142.7673900288559,1
0.0,98.76728479037237,6.0,63.77099565288269,26.355214540370643,24.395397603538918,0.3545610691671085,0.0,0.0,0.0,1.0,1.0,0.0,0.0,0.0,0.4098478237757557,0.3247953202733833,0.7786975206041408,1.4961283363642284,0.0,0.0,0.0,0.0,0.0,0.0,0.0,1.0,0.0,0.0,0.0,0.0,1.0,1.0,553.6435002190365,53.94357087616992,54.53436121985827,50.44558913592984,0.5028249019658211,85.44128815790405,83331238.50263526,9.980380184094182,10.609624302088866,0.0,0.0,0.0,139.6533709004825,1
73.04618541063606,3303314.458323405,7.1,61.92943411642846,39.75930207965887,37.12484717744892,0.0,0.0,0.0,0.0,0.0,1.0,0.0,0.0,0.0,0.14094859727977738,0.4689375858057999,288.85789745498494,3512.9576032008226,0.0,1.0,0.0,0.0,0.0,0.0,0.0,1.0,0.0,0.0,0.0,0.0,1.0,1.0,17638.41357149776,67.34657726311193,1516.5703759504136,1153.2073702061803,609.0282895619628,618.8683616276832,166517739.9681243,13.477106585361664,48.30999398710911,860.4739079533736,374893.9974438672,5.471956531151566,245.25146457389954,0
72.85830149989363,3303234.701035511,7.1,62.14260244706352,45.76515738462699,38.05524680551223,0.0585020102518079,0.0,0.0,0.0,0.0,1.0,0.0,0.0,0.07375438942319348,1.0173089176738308,0.0,288.5002166030107,3512.802673016208,0.0,1.0,0.0,0.0,0.0,0.0,0.0,1.0,0.0,0.0,0.0,0.0,1.0,1.0,17632.32452085953,67.2532084110777,1513.4879314131797,1145.8042846391934,610.780328808265,658.8165129662897,166517864.51438165,13.849283853036281,47.873616496398945,855.787047510206,374893.1645295875,0.0,246.46898680747265,0
27.893304757240905,2232926.536463131,6.0,113.91134667472255,75.98206813257848,75.406121638687,0.3167378462438577,0.0,0.0,0.0,0.0,1.0,0.0,0.0,0.0,1.6818794535458395,0.446022691847748,77.3941899033666,2188.6622223011104,0.0,1.0,0.0,0.0,0.0,0.0,0.0,1.0,0.0,0.0,0.0,0.0,1.0,1.0,11812.681654610693,65.86641678463667,1509.848751916975,761.1504452781542,715.0264353389964,1069.373214854767,166527116.3997285,13.456247202745102,39.25367715252314,1013.4441854782336,511296.4280856145,5.137384826860334,243.58232797379722,0
3.9577120222336557,58.698665558183166,6.0,63.73246477872705,0.0,1.2876212509476177,0.36892556175686586,0.0,1.0,0.0,0.0,0.0,0.0,0.0,0.0,2.2835522744061705,0.3359230342714168,0.0,0.2622787338891913,0.0,0.0,0.0,0.0,0.0,0.0,0.0,1.0,0.0,0.0,0.0,0.0,1.0,1.0,523.3727666709948,53.079337568435335,52.29076070049955,50.470767133132284,0.0,15.21261125261347,82972938.60823575,9.589413234561315,10.868117775035092,4.560778986100821,2.4819435241703935,4.806098551941213,142.31570547094645,1
0.0,42.02959478245528,6.0,64.07590428427092,0.0,3.977008591962375,0.0,1.0,0.0,1.0,0.0,0.0,0.0,0.0,0.8502368910590994,0.0,0.7325134233229298,0.0,0.0,0.0,0.0,0.0,0.0,0.0,0.0,0.0,1.0,0.0,0.0,0.0,0.0,1.0,1.0,550.191111862297,53.70999680456971,50.445347126793244,58.09567433089041,0.1338052026198442,43.326960963166854,83344146.33514127,9.29699637134865,9.918018707635795,0.0,4.5652145375816655,4.843849984929397,142.64049302653456,1
72.62883945137705,3303279.2725516153,7.1,62.22240418646026,45.21368989742274,45.00502956104397,0.27502098237155737,0.0,0.0,0.0,0.0,1.0,0.0,0.0,0.1816642544689148,0.7229919948156396,0.11220774747858331,288.8145934276523,3512.2542331025893,0.0,1.0,0.0,0.0,0.0,0.0,0.0,1.0,0.0,0.0,0.0,0.0,1.0,1.0,17646.50775098021,66.35334951273406,1518.9600522819985,1145.3152809207538,610.8645497582553,620.1195504720519,166517868.94078434,13.618162961391297,48.014583327463775,859.7906007692982,374906.6601695307,0.0,246.3931238597691,0
0.0982971103987168,62.49738905094824,6.0,64.35942179762688,64.7375762273214,66.74244231756872,0.0,0.0,0.0,0.0,1.0,1.0,0.0,0.0,0.0,0.0,0.0,0.6088191651454512,1.3469130924763943,0.0,0.0,0.0,0.0,0.0,0.0,0.0,1.0,0.0,0.0,0.0,0.0,1.0,1.0,567.0186845417866,53.0230328315461,56.53317213690587,52.94657118965372,0.0,19.441534337743214,83332256.26803705,9.167669163242396,10.547177703400607,0.0,0.0,0.0,141.57817741850806,1
0.0878663789536398,24.2191204026946,6.0,64.22926070516309,1.2443538098065003,0.0,0.3722154307339237,0.0,1.0,0.0,0.0,0.0,0.0,0.0,0.3739714711492924,0.6650841447946909,0.15205094628434146,0.23246641122159484,0.0,0.0,0.0,0.0,0.0,0.0,0.0,0.0,1.0,0.0,0.0,0.0,0.0,1.0,1.0,528.2955981982334,54.29286713479078,58.548342864281324,53.61538288193826,0.0,81.31676010849148,83092775.7552519,9.360084994728414,10.751589586407858,0.0,0.0,3.860333632882922,140.1216547502167,1
72.87581568941518,3303265.34846397,7.1,61.76947671773868,46.06329618583689,39.00411196799311,0.26305806614783467,0.0,0.0,0.0,0.0,1.0,0.0,0.0,0.0,0.8137527401932206,0.0,288.6784578180362,3512.382143527774,0.0,1.0,0.0,0.0,0.0,0.0,0.0,1.0,0.0,0.0,0.0,0.0,1.0,1.0,17632.956373221285,67.47841665104693,1516.885518645149,1150.8754364034062,611.7509120947927,628.2764648976588,166516963.92359498,13.006399396714238,47.885694875829316,856.0287547721724,374906.4638232214,5.007429048992689,246.10838769800526,0
189.1640537866351,40745.823610865686,8.2,62.20362026097348,26.94779042257237,29.749206284386553,0.21272932955749269,0.0,0.0,0.0,0.0,1.0,0.0,0.0,0.12433655223234569,1.799653233087416,0.0,2.1701729903274165,7.018587333014752,0.0,1.0,0.0,0.0,0.0,0.0,0.0,1.0,0.0,0.0,0.0,0.0,1.0,1.0,16633.479974742204,49.41334932928318,2966.9189367142253,1060.0319415387555,1243.720748528736,1519.0167879943128,166516316.9085718,13.469212379980956,46.49752503827297,1765.048203277504,1555834.9325717355,3.8494247458977986,243.1124602615962,0
72.56800906756517,3303296.3277479354,7.1,62.05612926078531,43.67812016403079,40.24581539643521,0.0,0.0,0.0,0.0,0.0,1.0,0.0,0.0,0.0,0.7133422582841962,0.06853877376780348,289.15337444799775,3512.0661000282503,0.0,1.0,0.0,0.0,0.0,0.0,0.0,1.0,0.0,0.0,0.0,0.0,1.0,1.0,17660.04803796916,67.67685532763193,1513.1680619818208,1151.9303465995501,610.214380864991,615.3994748051178,166517150.46763682,13.170809004900256,48.03494374736313,857.6311585965092,374903.0727393513,2.2295405635519447,246.1602303034034,0
0.0,102.21710619369412,6.0,63.70119238443274,25.53353720491559,19.994071669331905,0.1175200473386181,0.0,0.0,0.0,1.0,1.0,0.0,0.0,0.22335004677359527,0.2164754967599295,0.15948399538622804,1.381636663220648,0.8376133721957063,0.0,0.0,0.0,0.0,0.0,0.0,0.0,1.0,0.0,0.0,0.0,0.0,1.0,1.0,602.9954682571216,53.88860697457991,55.662008851704456,51.07883822654971,0.0,81.22287651749255,83330887.77686194,9.189296877425644,10.624065125085723,1.6814030905573807,0.0,3.869297625708537,142.44085004628897,1
0.0,79.84425476358881,6.0,63.82572327941196,19.15488215468155,23.275096110367848,0.20194578371804994,0.0,0.0,0.0,1.0,1.0,0.0,0.0,0.0,0.0,0.1527740342243259,0.5200444332796793,0.6661464366407946,0.0,0.0,0.0,0.0,0.0,0.0,0.0,1.0,0.0,0.0,0.0,0.0,1.0,1.0,517.1515214082455,54.51679495648268,55.36382083010596,57.783637118415015,0.0,31.989069241307483,83330445.12409577,9.886473544890295,10.615892348454961,0.0,0.0,0.0,141.49199420635597,1
0.15584844443984286,28299.80172520061,6.0,63.589114101477186,62.381658262332756,63.38552140981683,0.0,0.0,0.0,0.0,0.0,1.0,0.0,0.0,0.09021787362417721,0.0,0.16688935280391115,1.6192542566499393,30.90218010563538,0.0,1.0,0.0,0.0,0.0,0.0,0.0,1.0,0.0,0.0,0.0,0.0,1.0,1.0,7329.981573712326,501.25148119614244,1509.7396616298267,1354.4628148880604,360.7774017557948,1397.1463311883228,60.77318423472568,5.621404755158947,51.68375196804334,514.8519744706991,190164.89434049997,0.0,38.33498296304929,0
0.4713615058701881,22.148804057968558,6.0,63.705593858484946,67.74911628590131,64.42264137400406,0.016598974279042222,0.0,0.0,0.0,1.0,1.0,0.0,0.0,0.0,0.19176323354586922,0.0,1.4989967302846265,1.3576182348345838,0.0,0.0,0.0,0.0,0.0,0.0,0.0,1.0,0.0,0.0,0.0,0.0,1.0,1.0,545.2486851304743,53.27407958235599,49.355405684066994,49.324080872646746,0.0,95.30965143672553,83330840.73083512,9.234168616416737,10.810963745656569,0.0,4.40726452428726,0.0,143.0457685419498,1
3.894124453388007,98.53116129017297,6.0,64.1843926127483,0.0,5.4070084449803595,0.0,0.0,1.0,0.0,0.0,0.0,0.0,0.0,0.3400502726252459,2.210832042747378,0.42417327332427435,0.0,0.0,0.0,0.0,0.0,0.0,0.0,0.0,0.0,1.0,0.0,0.0,0.0,0.0,1.0,1.0,533.5801225827922,54.08882283029416,55.16466144298997,58.45353721445204,1.111320899838394,44.19069739589576,82973375.37419611,9.449672573171323,10.472874880311327,0.0,8.378430366722732,2.078277681201083,140.32896745187477,1
0.0,67.44147173174939,6.0,63.92262000921019,19.424116814277912,26.007372161952286,0.1798159764355538,0.0,0.0,0.0,1.0,1.0,0.0,0.0,0.15750323668125843,0.34636129958042783,0.37503801417084404,1.4192703373116637,1.4163182779517816,0.0,0.0,0.0,0.0,0.0,0.0,0.0,1.0,0.0,0.0,0.0,0.0,1.0,1.0,539.570240734808,53.68902497432241,51.64541129210623,55.24180774712212,0.0,7.545971525221411,83330823.62852126,9.959599946888886,10.201381325599074,2.944481721556869,0.5384326580723346,0.0,140.7910937932115,1
0.0,88.03055751678602,6.0,63.9947485229171,6.564700361684403,3.436516321574305,0.3535922211347765,0.0,1.0,0.0,0.0,0.0,0.0,0.0,0.41294662203475496,0.7012661690417916,0.0,0.4671900083337237,0.0,0.0,0.0,0.0,0.0,0.0,0.0,0.0,1.0,0.0,0.0,0.0,0.0,1.0,1.0,542.2817206204841,54.82452621098638,51.74153075040985,49.37319457979383,1.883554451930073,52.124491222025654,83093923.55794565,9.77351653976591,10.823625312669424,0.0,6.263613775042909,2.263518134339135,141.9728878410598,1
0.6832387037180725,28362.978401516997,6.0,64.0120891476728,55.648464025352155,60.02322155994295,0.0988518776838253,0.0,0.0,0.0,0.0,1.0,0.0,0.0,0.2398142350126662,0.020850854461415103,0.4428174644555728,1.6880741461092907,30.497339392424838,0.0,1.0,0.0,0.0,0.0,0.0,0.0,1.0,0.0,0.0,0.0,0.0,1.0,1.0,7276.785364050066,500.13409284901195,1513.7872204567907,1356.658085142468,361.0484741782826,1333.822068144313,0.0,5.205645050639476,51.99777583095276,509.58221484138085,190167.27032684517,0.5485176467010564,37.85023415067,0
72.26610621957768,3303308.904648186,7.1,62.01680936502129,45.0924884147998,42.00445152571143,0.0,0.0,0.0,0.0,0.0,1.0,0.0,0.0,0.4370224713846357,0.7626188668032086,0.0,288.8983622999197,3512.1224529791207,0.0,1.0,0.0,0.0,0.0,0.0,0.0,1.0,0.0,0.0,0.0,0.0,1.0,1.0,17573.268712038785,66.99588958497102,1514.2523754313502,1145.4820883672287,610.2143576649786,637.065065726353,166518426.9236448,13.829638061750932,47.53163982726961,860.7747195969184,374893.2886055889,0.7349700255315907,246.17999532675026,0
0.29554422009129355,76.0585982198576,6.0,63.85883604236629,0.0,3.2764535924327767,0.36093146477436,0.0,1.0,0.0,0.0,0.0,0.0,0.0,0.06554855340600252,0.5242760779803387,0.30881189484291993,0.0,0.03431924527608965,0.0,0.0,0.0,0.0,0.0,0.0,0.0,1.0,0.0,0.0,0.0,0.0,1.0,1.0,584.0792826587237,54.40034545862178,58.31805716423378,56.46793355989694,1.6438676316586927,25.474509751143632,83093035.17528811,9.087655904755223,10.757330512150139,1.6379802100375231,0.0,0.0,142.19083022996915,1
0.0,43.017395599888985,6.0,63.5197032056425,2.585353531609094,1.804094019219809,0.31597491879201556,0.0,1.0,0.0,0.0,0.0,0.0,0.0,0.0,0.9835217217297695,0.08565969132037399,0.03214953939797016,0.0,0.0,0.0,0.0,0.0,0.0,0.0,0.0,1.0,0.0,0.0,0.0,0.0,1.0,1.0,574.4961855660689,54.83346834022898,56.38960165545831,52.58980630440153,0.0,63.11530456639713,83093375.8119378,9.51547840794823,10.83531895690259,0.0,5.341484731245965,0.0,143.2129254925023,1
73.09730883766845,3303258.3315830585,7.1,62.30352113459606,41.992825365174966,45.61118985740276,0.0,0.0,0.0,0.0,0.0,1.0,0.0,0.0,0.5066982277092019,0.5392316656459183,0.3861752388293773,288.79951431093406,3512.748981901953,0.0,1.0,0.0,0.0,0.0,0.0,0.0,1.0,0.0,0.0,0.0,0.0,1.0,1.0,17624.90454195758,66.80197174158835,1512.026736908033,1145.7943169085163,608.8433201325118,694.3675717413179,166517820.6222102,13.646127025194872,48.474215057957736,857.0913457342477,374910.0786466266,0.0,245.61695234555066,0
0.29957743245540136,32.20460362800334,1.0,64.43338255944786,38.81881140982581,45.07870265951724,0.0,0.0,0.0,0.0,0.0,0.0,0.0,0.0,0.42158876820562485,0.14039499400235755,0.4137528935427115,0.22291297998443016,0.0,0.0,0.0,0.0,0.0,0.0,0.0,0.0,0.0,0.0,0.0,0.0,1.0,1.0,1.0,447.378589265022,42.25382686355704,46.49953845949545,44.076809398046535,1.8358955379822808,44.36742962491262,83124055.07986762,9.918979230116435,9.657856384923596,0.0,6.577028251281639,1.8451880238882534,139.76515341580972,1
0.18138932367956973,204527.66020412932,17.0,64.358247826733,2657.2628719729446,2653.345023629977,0.0,0.0,0.0,0.0,0.0,0.0,0.0,0.0,0.0,0.10284779224190166,0.32470309947823306,0.0,0.0,0.0,0.0,0.0,0.0,0.0,0.0,0.0,0.0,1.0,0.0,0.0,0.0,1.0,1.0,5827.3856019692275,553.4868669724158,555.662931855896,552.0126114266989,0.0,550.1163546683842,83784519.03685647,9.79009681783867,32.79545621178308,0.0,0.0,4.593177089518974,139.96685186294914,1
4.010636342583968,115.47361868950989,6.0,63.69619081506938,5.2470051164289675,0.0,0.3099935077640281,0.0,1.0,0.0,0.0,0.0,0.0,0.0,0.0,2.2577687748738517,0.17805648061102242,0.0,0.4472550206328715,0.0,0.0,0.0,0.0,0.0,0.0,0.0,1.0,0.0,0.0,0.0,0.0,1.0,1.0,603.7618341242916,53.957365880265094,54.30016021827691,56.99450567529032,0.0,76.27640853574073,82973696.11557397,9.542405328365243,10.073627841135401,3.230397514442153,3.27562908115522,0.0,142.89047409315856,1
0.0,6856.84293830774,17.0,64.06443891900182,7844.362109606204,7839.367982982265,0.0,0.0,0.0,0.0,0.0,0.0,0.0,0.0,0.0,0.02665830311001771,0.0,0.1604857374834493,0.0,0.0,0.0,0.0,0.0,0.0,0.0,0.0,0.0,1.0,0.0,0.0,0.0,1.0,1.0,559.3472148429869,49.010209494069095,47.84163805399892,47.17546915879519,0.9437683278030287,49.91633160758956,83103329.81726256,9.646836184714846,9.82899138699513,3.3248838652152752,7.145664012789503,4.408556613402649,141.6172794942224,1
27.97264824552384,2232930.1167176217,6.0,114.82509425955372,81.00848123963833,77.84912324959271,0.0,0.0,0.0,0.0,0.0,1.0,0.0,0.0,0.31171970955608774,2.197486635964582,0.07921202894360935,76.69283333019204,2188.5442538991197,0.0,1.0,0.0,0.0,0.0,0.0,0.0,1.0,0.0,0.0,0.0,0.0,1.0,1.0,11871.706896345382,66.3513048079061,1516.8385959497903,752.4491937382669,712.9353327189438,1113.1148906006013,166525464.2292093,13.770531293949253,38.40180002092568,1012.7481027912163,511300.4668427779,5.5036073827439385,245.67394852693144,0
0.43379391521279265,24.56961714965635,6.0,63.76540681333314,24.15020777213152,18.93471357500678,0.4010124035867675,0.0,0.0,0.0,1.0,1.0,0.0,0.0,0.41744821496912166,0.0,0.2262944204006545,1.0533274424718484,1.414753302562925,0.0,0.0,0.0,0.0,0.0,0.0,0.0,1.0,0.0,0.0,0.0,0.0,1.0,1.0,528.9365001019646,53.69070938470725,53.87967361963286,53.147135998117946,0.0,95.48995025230798,83331619.53880836,9.915109847853461,10.504686782314554,0.9023593350943511,6.761870263130863,4.03102501417624,142.42452709770103,1
0.7852123751170803,28370.546903795526,6.0,64.43247950342675,56.969536375411984,57.85697451827215,0.11140123956456971,0.0,0.0,0.0,0.0,1.0,0.0,0.0,0.0,0.0,0.21836576365785454,2.394654369653555,31.047580304937487,0.0,1.0,0.0,0.0,0.0,0.0,0.0,1.0,0.0,0.0,0.0,0.0,1.0,1.0,7360.74066019167,500.84754580525225,1510.1831803766904,1355.3030399492718,362.13074058100375,1378.1943327116478,891.7655488390515,5.430219765728055,52.4706994359786,515.9495696277263,190159.97451864742,0.45160579950179236,39.40705090215517,0
72.70277318948025,3303310.1245296695,7.1,62.29243867459843,42.447790286036124,38.77437185373255,0.40889148418176546,0.0,0.0,0.0,0.0,1.0,0.0,0.0,0.0,0.1342009729619662,0.3895739648981663,288.5357171309602,3512.1961691140737,0.0,1.0,0.0,0.0,0.0,0.0,0.0,1.0,0.0,0.0,0.0,0.0,1.0,1.0,17640.20632565792,66.59876124056034,1512.3569690886065,1146.1020987604652,608.9600716838977,614.2332192911161,166517950.60673267,13.831772978531008,47.954457535682195,854.8296327711074,374897.82625707076,0.0,244.33089871937557,0
35.189777982718226,30292.337687750918,6.0,148.3481727412871,5.809815306394455,2.3284721828566326,0.23851353758647165,0.0,0.0,0.0,0.0,1.0,0.0,0.0,0.0,0.8736136159598722,0.18381621690316896,37.21315504180448,101.85132728165696,0.0,1.0,0.0,0.0,0.0,0.0,0.0,1.0,0.0,0.0,0.0,0.0,1.0,1.0,1109.1596207561297,65.52382253176879,642.7117956930256,194.72582657542495,207.75005504950306,204.23535239063884,0.0,5.562552436487602,19.206180841224946,288.7659800141844,53220.64962013686,5.141232939168743,38.251936556969866,0
0.2050228418630956,204521.42551895708,17.0,64.12696323305,2653.1371054787487,2662.108164833654,0.0,0.0,0.0,0.0,0.0,0.0,0.0,0.0,0.029590239580957967,0.0,0.20328577017948346,0.43322151011022936,0.3090491203092809,0.0,0.0,0.0,0.0,0.0,0.0,0.0,0.0,1.0,0.0,0.0,0.0,1.0,1.0,5832.690977382706,553.4992207937408,551.064730534352,554.4674336129899,0.4818003884792139,562.3222499785936,83784291.96864693,9.036859271059692,33.26953292929609,0.0,5.699181900250231,4.157889640451982,142.57633416523038,1
0.14494529694498326,62.77986582658959,6.0,63.512157475350556,0.8494550438668155,3.152839551272724,0.0,1.0,0.0,1.0,0.0,0.0,0.0,0.0,1.399855453461632,0.0,1.105552891413243,0.13259764354732706,0.0,0.0,0.0,0.0,0.0,0.0,0.0,0.0,1.0,0.0,0.0,0.0,0.0,1.0,1.0,564.8471929874385,53.906990622888145,50.962379059417756,57.977685790597704,0.0,6.27932242920663,83344654.67499954,9.577984527969003,10.615383939260296,2.2431979581928587,0.0,2.470104154705317,140.02240584183932,1
0.19781746915690968,77.46904026136116,6.0,63.81877457636779,68.95862084427363,68.86090361592451,0.0,0.0,0.0,0.0,1.0,1.0,0.0,0.0,0.30505096874706283,0.23075939975951942,0.12830818354571316,1.0662853647693633,0.9606383879762118,0.0,0.0,0.0,0.0,0.0,0.0,0.0,1.0,0.0,0.0,0.0,0.0,1.0,1.0,570.2596284803537,54.436532351118935,55.25783736756549,54.92187171557681,0.0,96.42203672639454,83331102.36697412,9.075798693852846,10.69830198825055,2.6439890165539515,0.0,0.12563338855129036,143.0121362347351,1
0.0,44.853473203825864,6.0,63.800365154314996,0.0,3.0691773434486262,0.19174388116508756,1.0,0.0,1.0,0.0,0.0,0.0,0.0,0.8019876270530296,0.18524166942880516,1.4239146245691778,0.0,0.2816635954311908,0.0,0.0,0.0,0.0,0.0,0.0,0.0,1.0,0.0,0.0,0.0,0.0,1.0,1.0,608.5078350835956,53.87928475918366,52.21145899443795,54.539512663390624,0.9248047804749402,13.98144789823263,83344096.02840686,9.076048219410911,10.45738538149226,4.991513976291946,5.608289834554016,0.0,140.51053236567864,1
73.19094151729296,3303263.0641840408,7.1,62.35664014277928,44.04189179367225,39.6199252726762,0.0,0.0,0.0,0.0,0.0,1.0,0.0,0.0,0.0,0.42419272639454986,0.0,288.754913501112,3512.7186980869424,0.0,1.0,0.0,0.0,0.0,0.0,0.0,1.0,0.0,0.0,0.0,0.0,1.0,1.0,17569.926096581214,67.16940383356024,1514.5724329738425,1153.4627921522506,608.9478959198676,620.8417895911368,166518478.09724647,13.4251037168631,48.47162685563283,862.0100810705145,374908.16440058884,0.3825640668720487,246.04868676763166,0
189.87498606057648,40829.18437196573,8.2,62.76290501292063,23.81545471651965,23.838534364287334,0.0,0.0,0.0,0.0,0.0,1.0,0.0,0.0,0.21573620353840267,1.4940567280848025,0.2823082891955051,1.5445138605709188,7.561631456045987,0.0,1.0,0.0,0.0,0.0,0.0,0.0,1.0,0.0,0.0,0.0,0.0,1.0,1.0,16623.329213396435,49.74302145499305,2963.468230460241,1059.8401740051036,1245.17153424752,1490.8601341344418,166517045.38095865,13.519295869276792,45.84903126478914,1759.0073420658468,1555834.6287120918,5.53055522509573,243.3373715506496,0
0.4959973340596294,75.30031228523482,6.0,64.14497155156411,2.6529335192197974,0.6408142210626,0.39579483391307213,0.0,1.0,0.0,0.0,0.0,0.0,0.0,0.4517298766883723,1.2563523242405434,0.4158487620772633,0.0,0.26683048156979117,1.0,0.0,0.0,0.0,0.0,0.0,0.0,1.0,0.0,0.0,0.0,0.0,1.0,1.0,541.8530481891523,53.48467583125662,50.27176270254325,53.36302934649921,0.27359479310795143,98.02378467082485,83095135.16195011,9.06596431760437,10.630420396959433,0.0,0.0,3.703329706098355,141.05067012513783,1
0.0,78.81543809366435,6.0,63.60940195755554,6.355766073726669,7.272560537193157,0.0,0.0,1.0,0.0,0.0,0.0,0.0,0.0,0.0,0.7351935644902853,0.0,0.24339441435491582,0.0,0.0,0.0,0.0,0.0,0.0,0.0,0.0,1.0,0.0,0.0,0.0,0.0,1.0,1.0,556.9661247309149,54.30213651300111,58.06167714791881,58.72801548369455,1.6208998004745094,51.69812107085478,83094237.30127972,9.479748910140565,10.26357937778145,4.198600832752087,0.0,0.0,143.45866861327144,1
0.2822382009629222,0.0,1.0,64.0179905483751,38.097832226280346,37.72730758072811,0.0,0.0,0.0,0.0,0.0,0.0,0.0,0.0,0.0,0.0,0.31835212420758785,0.0,0.42409512354200773,0.0,0.0,0.0,0.0,0.0,0.0,0.0,0.0,0.0,0.0,0.0,1.0,1.0,1.0,438.7735334161789,41.90523699460459,43.76082662249631,41.521789204225485,0.0,35.456026568321306,83124308.38038817,9.40997675160925,8.984700563576173,0.2694168975234774,0.0,2.3999315556017384,141.2970019596632,1
189.20480843599276,40760.3217994028,8.2,62.11707337585776,29.61519508338286,26.295282915697527,0.0,0.0,0.0,0.0,0.0,1.0,0.0,0.0,0.3741412298785775,1.2166335326609332,0.222937149860709,2.2588467272089003,7.204454155529029,0.0,1.0,0.0,0.0,0.0,0.0,0.0,1.0,0.0,0.0,0.0,0.0,1.0,1.0,16586.37049431698,49.91596221131057,2959.633560696599,1058.7306161486079,1247.1673855741599,1574.3332106024927,166518034.2238737,13.496174389474401,46.31905293459744,1758.975092773997,1555846.1742117007,5.17932291674939,245.22534631368225,0
0.0,0.0,47.0,63.585022474695435,15.13205728394642,24.113275093020384,0.0,0.0,0.0,0.0,0.0,0.0,0.0,0.0,0.28842191694484687,0.26206854783748235,0.4272846300751818,0.0,0.0,0.0,0.0,0.0,0.0,0.0,0.0,0.0,0.0,0.0,0.0,0.0,0.0,1.0,1.0,6223.95537012038,591.476577025035,589.8687307439304,590.6408163082466,0.0,551.7299012466401,83681782.21981621,9.188009069224254,34.22751162945974,0.0,5.56935646534445,0.0,140.57517179893438,1
72.99360952523105,3303328.7693264917,7.1,62.029346701298145,37.335384522842205,44.790543788430796,0.0,0.0,0.0,0.0,0.0,1.0,0.0,0.0,0.03398342239538568,0.6680474689691186,0.0,288.9804269039408,3512.4377954704796,0.0,1.0,0.0,0.0,0.0,0.0,0.0,1.0,0.0,0.0,0.0,0.0,1.0,1.0,17575.160032735042,67.03977374761418,1515.7269061727293,1151.5858880159237,612.2604853226673,662.8886415359574,166517855.92289895,13.882241637893411,47.737030612465844,863.001611725281,374907.6539745757,0.29415448501533525,244.75393727233055,0
0.0,6873.689546175371,17.0,64.27458927272225,7843.555821243335,7843.560497145626,0.0,0.0,0.0,0.0,0.0,0.0,0.0,0.0,0.3352832185814679,0.0,0.3272936163795448,0.3861521535896807,0.058810476779036946,0.0,0.0,0.0,0.0,0.0,0.0,0.0,0.0,1.0,0.0,0.0,0.0,1.0,1.0,570.8745270302152,49.39087780492171,48.248662135110344,49.53344769995559,1.3994662953566164,55.075420129376475,83102182.32071486,9.916239623524657,9.69901035247764,0.0,2.9596040617934563,0.7816386300198417,141.44824018807466,1
0.09072639767849366,6834.817444065324,17.0,63.5747665331422,7844.861153839235,7843.3641833120455,0.32674944186658395,0.0,0.0,0.0,0.0,0.0,0.0,0.0,0.0,0.4812694303842894,0.13209822022138373,0.1960873724373785,0.0,0.0,0.0,0.0,0.0,0.0,0.0,0.0,0.0,1.0,0.0,0.0,0.0,1.0,1.0,510.98929954989393,50.64450262143441,51.94784297904925,50.01169444554679,1.492918349260401,53.27129640820354,83101960.14291692,9.037733534991354,9.523705508912412,0.0,0.0,0.0,141.19377973705008,1
0.0,204579.74431119522,17.0,63.81436133645752,2660.314912031854,2658.76166408574,0.0,0.0,0.0,0.0,0.0,0.0,0.0,0.0,0.0,0.32895037349238676,0.1585377981269256,0.018363526477945147,0.0,0.0,0.0,0.0,0.0,0.0,0.0,0.0,0.0,1.0,0.0,0.0,0.0,1.0,1.0,5772.752222720727,554.8778902863954,553.3095993820824,549.4311325675171,1.4841824541990416,521.719575785789,83784911.97248338,9.073774993229659,33.15309836719548,2.0207154759810386,0.0,4.386741553689875,141.03915927730733,1
0.4504452844424288,98.00929129418331,6.0,63.646920506034164,1.834353858944592,4.858550237399576,0.0,0.0,1.0,0.0,0.0,0.0,0.0,0.0,0.0,1.372821958622435,0.28034754402649553,0.021419974383890206,0.0,0.0,0.0,0.0,0.0,0.0,0.0,0.0,1.0,0.0,0.0,0.0,0.0,1.0,1.0,559.0560328736134,54.16014230078822,54.749964369440086,49.26632621198975,0.0,79.966861441652,83093418.6202121,9.160070946251283,10.231599059898967,0.0,3.4386426387664404,0.0,141.23227825436993,1
27.48475044363387,2232963.8190788752,6.0,114.0352795844642,79.2872922459327,80.82367767960886,0.0,0.0,0.0,0.0,0.0,1.0,0.0,0.0,0.4966068803194149,2.1404265862525804,0.0,77.49786847414798,2188.2990441363672,0.0,1.0,0.0,0.0,0.0,0.0,0.0,1.0,0.0,0.0,0.0,0.0,1.0,1.0,11833.883678163169,65.31376684242143,1510.4945678534834,754.7833733099974,716.6377242860054,1116.2896823172027,166526740.13941556,13.982491772334118,38.61784562543576,1011.6512081935281,511299.79885407747,0.0,244.37981929064296,0
0.7396804690732395,28305.518395159146,6.0,64.02006301952316,57.8361806790165,56.41478864542202,0.0,0.0,0.0,0.0,0.0,1.0,0.0,0.0,0.3825853353259574,0.1208680199125226,0.25742289708973753,1.406659764313005,30.956907605523938,0.0,1.0,0.0,0.0,0.0,0.0,0.0,1.0,0.0,0.0,0.0,0.0,1.0,1.0,7353.334821040355,499.81177484009936,1515.03949581187,1351.3188448795802,361.3772000888547,1339.1477705933546,0.0,5.265947290779869,51.76167737481911,510.0959218806877,190157.09839774654,3.718639305238903,38.55318470196902,0
0.015119524836953224,33.28935671105958,6.0,64.44912321814923,0.0,4.014603195852225,0.32937354879657976,0.0,1.0,0.0,0.0,0.0,0.0,0.0,0.0,1.0941131665902613,0.2560172395092155,0.22183907455401952,0.0,0.0,0.0,0.0,0.0,0.0,0.0,0.0,1.0,0.0,0.0,0.0,0.0,1.0,1.0,603.6232345306341,54.760565580751035,56.21437235658462,52.78603294769243,0.0,68.46878167797998,83093676.26376069,9.321787773459926,10.219542608343284,1.3620300622475714,5.4962117297519715,0.0,143.46288845475738,1
0.16246435319477093,69.49922134316039,6.0,64.1792508759365,69.06804533837425,65.17227549195457,0.0,0.0,0.0,0.0,1.0,1.0,0.0,0.0,0.4706154125208635,0.23171022900880411,0.0,0.5361711313425982,0.7988750504006283,0.0,0.0,0.0,0.0,0.0,0.0,0.0,1.0,0.0,0.0,0.0,0.0,1.0,1.0,557.1705782005351,53.03741075222649,51.60486766189419,50.68435966947258,0.0,47.32667449862386,83331097.93154497,9.894101149970728,10.311837015073728,4.783941640989527,0.0,2.43668313351675,139.57211931983127,1
3.5686873683056226,60.79582630496827,6.0,63.50532320462207,0.0,1.926711954023675,0.0,0.0,1.0,0.0,0.0,0.0,0.0,0.0,0.0003318837889270121,1.6258934620070562,0.34106176889950146,0.0,0.30681411128905867,0.0,0.0,0.0,0.0,0.0,0.0,0.0,1.0,0.0,0.0,0.0,0.0,1.0,1.0,584.9824596462271,54.7991150092834,57.56601972212199,58.35566265848476,1.9468797438718983,63.900555406793465,82972755.29823908,9.522272757407237,10.385176605793893,2.4257691521793747,0.0,0.0,140.71509014055687,1
4.29498695942488,101.15156025989589,6.0,64.3092633890946,1.0824664521921734,0.0,0.2674200387962622,0.0,1.0,0.0,0.0,0.0,0.0,0.0,0.0,1.8832010985356833,0.0,0.27155458229059504,0.0,0.0,0.0,0.0,0.0,0.0,0.0,0.0,1.0,0.0,0.0,0.0,0.0,1.0,1.0,535.9125831440981,53.14725538392325,54.32663430175262,57.223663752320306,0.0,77.12681102137896,82973415.85728538,9.303933143675719,10.427527872059198,0.0,3.394267624323499,0.0,141.76334096969674,1
0.155247744264372,28299.016639734615,6.0,64.28893182008527,58.524942851119775,61.30137936313549,0.2877207381162986,0.0,0.0,0.0,0.0,1.0,0.0,0.0,0.0,0.0987684439778046,0.26259147431559915,2.001490850410865,31.223460121249218,0.0,1.0,0.0,0.0,0.0,0.0,0.0,1.0,0.0,0.0,0.0,0.0,1.0,1.0,7265.902217357515,500.1941443681613,1511.2946131905303,1353.734197390545,360.28879404850403,1338.972679813609,0.0,5.892343574651158,51.94336475410211,508.0831972606958,190176.13649732756,1.2057242491900213,39.438837988263664,0
0.0,6835.605621663982,17.0,64.23382784512789,7842.693396252014,7845.11207223694,0.07489518732464073,0.0,0.0,0.0,0.0,0.0,0.0,0.0,0.0,0.0,0.0,0.0,0.0,0.0,0.0,0.0,0.0,0.0,0.0,0.0,0.0,1.0,0.0,0.0,0.0,1.0,1.0,569.1462643494739,49.27045107215608,51.93109488286244,53.0843978023793,0.9850878031416892,80.61141779880127,83103361.62362798,9.046483857941375,10.419375517736944,4.66510101617977,0.0,0.0,139.5961427668238,1
0.1083602845901569,29.861472939901,6.0,64.03833723759422,59.70264320274287,66.44212958835514,0.3437831355556892,0.0,0.0,0.0,1.0,1.0,0.0,0.0,0.0,0.005349001984252588,0.0,1.273685954336689,1.1310352894127287,0.0,0.0,0.0,0.0,0.0,0.0,0.0,1.0,0.0,0.0,0.0,0.0,1.0,1.0,541.9727137088266,54.57078692971084,57.090140451564736,56.516632373984706,0.0,28.807699477956145,83332306.71841058,9.035317417044855,10.581732278055986,0.0,0.0,4.909652562449338,139.87599770594065,1
27.56089473445891,2232975.0623760424,6.0,114.67629540179908,79.54456781272056,75.47717680062459,0.0,0.0,0.0,0.0,0.0,1.0,0.0,0.0,0.0,1.5027127312978932,0.0,77.16169149623151,2188.8387807782847,0.0,1.0,0.0,0.0,0.0,0.0,0.0,1.0,0.0,0.0,0.0,0.0,1.0,1.0,11786.29989408769,66.1665582461192,1509.5697828710515,757.8541690057589,715.343678888709,1098.117735401825,166525221.96456212,13.59826248860176,39.12761145731234,1009.2233089191761,511301.63021681557,3.082534880486598,244.8140527113565,0
0.0,9.601792169487382,6.0,64.35157900941194,26.020065209710992,23.87536121075087,0.0,0.0,0.0,0.0,1.0,1.0,0.0,0.0,0.22596494736615869,0.0,0.0872633189839348,1.0236291716290922,0.7078105115442715,0.0,0.0,0.0,0.0,0.0,0.0,0.0,1.0,0.0,0.0,0.0,0.0,1.0,1.0,543.7733413665086,54.633042538212045,57.88519068253519,55.39625897193399,0.0,69.25615067725671,83330526.00995551,9.661586578704023,10.786110199826837,0.5791165744031614,2.4046003271331973,0.0,143.51602573563483,1
0.0,0.0,47.0,64.04599512322416,23.21454965787779,23.585308431904856,0.0,0.0,0.0,0.0,0.0,0.0,0.0,0.0,0.07560443262532146,0.0,0.42519636217685075,0.2867256654176926,0.14810158624786585,0.0,0.0,0.0,0.0,0.0,0.0,0.0,0.0,0.0,0.0,0.0,0.0,1.0,1.0,6201.777325682191,592.2820872693152,588.462169167793,596.3007032693362,1.5644682289010827,641.0426583538397,83680418.81112987,9.677284344691067,34.759692602008826,3.391036645355852,0.0,4.64459744873397,141.04465120361402,1
0.33551297655958834,12.437698425865207,6.0,63.81065663010536,60.78619031563675,61.03712418665857,0.0,0.0,0.0,0.0,1.0,1.0,0.0,0.0,0.0,0.027908819437560073,0.09607751328591474,1.121497590572507,1.3777097221406667,0.0,0.0,0.0,0.0,0.0,0.0,0.0,1.0,0.0,0.0,0.0,0.0,1.0,1.0,544.4270045208089,53.19013863373083,51.608768630894076,53.14781970599615,1.400213870179103,44.682295216385576,83330990.40886897,9.15181118608975,10.031536616394128,0.0,4.669295716867868,0.0,142.03268921330977,1
0.0,10.41495104269039,6.0,64.01719793513399,6.851986484595136,6.589134087333895,0.005784254663077415,0.0,1.0,0.0,0.0,0.0,0.0,0.0,0.0,0.5906870186049078,0.1262424235158549,0.434460335906268,0.0,1.0,0.0,0.0,0.0,0.0,0.0,0.0,1.0,0.0,0.0,0.0,0.0,1.0,1.0,604.0504107331724,54.04758068257927,55.51206044947503,51.08069870663787,0.0,80.49778718501909,83094649.53171445,9.921206681390407,10.627568682290079,3.481063858331492,4.708964919654088,0.0,140.7906453610511,1
34.912191763668424,30316.226948168533,6.0,148.61092087789433,4.032060159186605,10.425663656525279,0.1416177366256366,0.0,0.0,0.0,0.0,1.0,0.0,0.0,0.0,0.4286008359618665,0.0,37.68231271722492,101.57502089326617,0.0,1.0,0.0,0.0,0.0,0.0,0.0,1.0,0.0,0.0,0.0,0.0,1.0,1.0,1142.7812020427061,66.7416115709942,637.952100015547,192.67547826897172,205.10433809810704,187.90924062226355,861.6287489577805,5.858515871577367,19.239080639076885,287.9985249955137,53217.169404548345,1.1832256323843047,37.48524880912542,0
189.39491235375206,40837.00935171573,8.2,62.02426488967331,27.56014161173456,26.584343820301914,0.0,0.0,0.0,0.0,0.0,1.0,0.0,0.0,0.0,1.3399771494165447,0.4375903835461058,1.8065536006400764,7.341034916772152,0.0,1.0,0.0,0.0,0.0,0.0,0.0,1.0,0.0,0.0,0.0,0.0,1.0,1.0,16596.481366511252,49.74719822720605,2960.029498840637,1062.2093898658932,1245.030052955302,1501.5944834160027,166516578.24164248,13.713860252050281,46.406233164681275,1766.906426612168,1555853.2017135122,3.4963936585048003,246.15874902611407,0
0.4337437692376358,6874.645256325577,17.0,63.61170020419698,7840.057914505748,7838.198604864804,0.15451598889537177,0.0,0.0,0.0,0.0,0.0,0.0,0.0,0.0,0.2913677766433391,0.1228356982932336,0.0,0.12494606780530815,0.0,0.0,0.0,0.0,0.0,0.0,0.0,0.0,1.0,0.0,0.0,0.0,1.0,1.0,564.4747037661524,50.30856997061354,49.62023447205714,50.678311214304,0.0,50.045039456768805,83102559.26139593,9.93367005181636,9.658106891584323,1.0699363661985473,0.0,0.0,139.65140588019491,1
0.21683210143035225,62.33574950489505,6.0,64.13133127375752,0.5759547393193047,3.8453401982948625,0.3874589719576995,0.0,1.0,0.0,0.0,0.0,0.0,0.0,0.4168971080631976,0.9890192327007148,0.0,0.0,0.46323934119101917,0.0,0.0,0.0,0.0,0.0,0.0,0.0,1.0,0.0,0.0,0.0,0.0,1.0,1.0,597.0718108893827,53.408362827140145,52.07699977561666,50.281610762403055,0.981996946727806,18.104898059133497,83093428.07910334,9.05618665018349,9.948132626903138,0.0,7.144454870559187,3.349624023706239,140.12006048620174,1
0.0,31.996064994529924,6.0,64.24704324307848,1.743373551231338,5.593469180825426,0.001834360077911601,0.0,1.0,0.0,0.0,0.0,0.0,0.0,0.0,1.3979101704739199,0.46325298915282487,0.0,0.0,1.0,0.0,0.0,0.0,0.0,0.0,0.0,1.0,0.0,0.0,0.0,0.0,1.0,1.0,525.2414309434732,53.53149855222491,51.16146003800119,50.236805484654774,1.1930782524874783,11.453901624114032,83094982.7126946,9.409051732931507,10.474285878482469,2.230694560346592,0.0,0.0,141.36787131623782,1
0.4074132761915885,40.70091424873948,6.0,63.95902410976359,68.64251575694837,66.81144892468559,0.4978988875838779,0.0,0.0,0.0,1.0,1.0,0.0,0.0,0.0,0.0,0.0,1.10501226779357,0.772631712260515,0.0,0.0,0.0,0.0,0.0,0.0,0.0,1.0,0.0,0.0,0.0,0.0,1.0,1.0,573.5207160051629,54.986878644864966,55.0661480300701,51.792227885192105,0.14353015519437573,23.840673101518604,83332098.17332672,9.699487970953914,10.54397663330615,0.6189037365623706,2.9912695729951917,0.0,141.22256326582252,1
0.0,204568.18662904744,17.0,63.857726313517475,2660.907480050246,2656.536374991303,0.0,0.0,0.0,0.0,0.0,0.0,0.0,0.0,0.0,0.0,0.0,0.19950294168872196,0.20713613493502991,0.0,0.0,0.0,0.0,0.0,0.0,0.0,0.0,1.0,0.0,0.0,0.0,1.0,1.0,5781.768258333594,553.0965335806868,558.0305290411195,557.9659345587868,1.5298632897992528,553.1326724289236,83784030.19885755,9.156879143659083,32.791732137471875,0.0,7.63022078769669,0.0,139.87486736301574,1
0.08757443296989337,28301.820303257296,6.0,64.45089544646059,61.67861146956676,61.96030995253628,0.0,0.0,0.0,0.0,0.0,1.0,0.0,0.0,0.0,0.24835673924686064,0.1624997447687926,2.120329743509722,31.247188814999916,0.0,1.0,0.0,0.0,0.0,0.0,0.0,1.0,0.0,0.0,0.0,0.0,1.0,1.0,7320.365194444447,501.2045375174418,1515.0833203051293,1357.4223905903798,363.115643012601,1324.3315014280154,0.0,5.601437342188794,52.01354851558062,512.8884496213627,190166.41854339125,0.0,39.23663234475215,0
0.5917827854849272,204500.56027884464,17.0,64.42565394480856,2659.930412906223,2655.783187504921,0.0,0.0,0.0,0.0,0.0,0.0,0.0,0.0,0.0,0.001669544162705816,0.0,0.045362641322805874,0.0009519145538757767,0.0,0.0,0.0,0.0,0.0,0.0,0.0,0.0,1.0,0.0,0.0,0.0,1.0,1.0,5830.124533436294,553.2332916185347,551.7749069085736,558.8868963497164,0.5000157993302081,588.6332043264853,83783907.91624783,9.179228530186903,33.4601857397342,2.871513058140799,4.523541834224396,3.3892091432586877,140.17532540244932,1
0.0,31.541552930157074,6.0,63.84898492484092,0.0,4.356912100021514,0.0,0.0,1.0,0.0,0.0,0.0,0.0,0.0,0.271112031374644,0.6639282435976644,0.157954913187342,0.34503003439431934,0.492731728770447,0.0,0.0,0.0,0.0,0.0,0.0,0.0,1.0,0.0,0.0,0.0,0.0,1.0,1.0,540.2775310567854,54.224320029437045,58.812926524082535,52.11668560581923,0.0,76.74108371916202,83094176.76622309,9.6404311224764,10.317917047377877,3.5340859363292427,0.0,0.3223571241730072,141.93771766416592,1
0.0699676464089296,6850.790419191685,17.0,63.78888286012043,7840.064525813751,7845.443900932372,0.0,0.0,0.0,0.0,0.0,0.0,0.0,0.0,0.0,0.0,0.0,0.2529317712777096,0.2735368547837026,0.0,0.0,0.0,0.0,0.0,0.0,0.0,0.0,1.0,0.0,0.0,0.0,1.0,1.0,557.5061607994538,49.45377105058741,52.136191280244724,49.2753977656905,0.486566637255454,69.31043248496819,83102900.96529059,9.07091955026231,10.10682059203442,0.0,9.26966118217771,0.0,140.18243266128147,1
0.36840569385368827,46.2091238145796,6.0,63.89619892388675,0.0,2.3078683990538758,0.0,1.0,0.0,1.0,0.0,0.0,0.0,0.0,0.6614066524744872,0.1435074663390533,1.0905001776583747,0.0,0.4629436884541608,0.0,0.0,0.0,0.0,0.0,0.0,0.0,1.0,0.0,0.0,0.0,0.0,1.0,1.0,551.282532279475,53.12873615867987,57.37481352668501,54.69180291306235,0.0,18.786015485225533,83345336.76674765,9.510908451310307,10.227086301377017,0.0,0.0,3.577375070518217,142.83066476720168,1
0.0,103.40458829374938,6.0,63.94763581923682,7.125904606560682,0.0,0.01691889414305725,0.0,1.0,0.0,0.0,0.0,0.0,0.0,0.0,0.9364819364201281,0.0,0.0,0.0,0.0,0.0,0.0,0.0,0.0,0.0,0.0,1.0,0.0,0.0,0.0,0.0,1.0,1.0,572.0204118980422,53.675039946286404,49.336898092998155,49.565157941200816,0.0,75.43585045686034,83092553.87689961,9.738093489562356,9.901000849483353,4.4624112255145505,0.0,0.0,140.38270754063632,1
0.26335438887308305,12.88477141675014,47.0,63.695555222757605,21.12386596929564,18.906692095368086,0.0,0.0,0.0,0.0,0.0,0.0,0.0,0.0,0.24983217702293525,0.20752824210274923,0.0,0.1347729793806809,0.48703430375530765,0.0,0.0,0.0,0.0,0.0,0.0,0.0,0.0,0.0,0.0,0.0,0.0,1.0,1.0,6199.903108437689,592.0392385914697,596.6491619415012,594.0737092565045,0.0,586.6222434813508,83681602.6935411,9.691171280637462,34.04410027484204,0.0,7.89366529080209,1.3370578756058746,140.7485620714912,1
0.4501211589146422,204569.66084555635,17.0,64.44517785110399,2654.674303597844,2654.1475049100814,0.0,0.0,0.0,0.0,0.0,0.0,0.0,0.0,0.1694113685255082,0.36528153466686897,0.16379573131057734,0.11064548516287431,0.0,0.0,0.0,0.0,0.0,0.0,0.0,0.0,0.0,1.0,0.0,0.0,0.0,1.0,1.0,5806.611706044436,553.0733825821034,551.6068170732103,550.5517217387345,0.0,539.9594069568308,83784167.82634479,9.527266423494893,32.81778259481,0.0,0.0,3.2197530908984486,139.76515853701048,1
72.40942384021257,3303267.9037066125,7.1,62.220407544771845,37.20086190088955,46.66698951856197,0.0,0.0,0.0,0.0,0.0,1.0,0.0,0.0,0.0,0.4607310678494917,0.3055461741243034,288.83910801317296,3512.1318882919727,0.0,1.0,0.0,0.0,0.0,0.0,0.0,1.0,0.0,0.0,0.0,0.0,1.0,1.0,17638.978198007862,66.6875768742806,1511.1130845738778,1152.848963355143,608.6677661315982,626.5329046190377,166517821.78808075,13.570921706181833,47.883180810783436,861.5805043920553,374899.9705263462,2.2332415301846016,246.5229299729306,0
0.45556041766529964,36.58766628412384,6.0,64.23784171500333,20.973633416007335,20.282751388637855,0.01718903067921773,0.0,0.0,0.0,1.0,1.0,0.0,0.0,0.48443494136661336,0.0,0.0,0.6539798695540608,1.2296075729999734,0.0,0.0,0.0,0.0,0.0,0.0,0.0,1.0,0.0,0.0,0.0,0.0,1.0,1.0,581.7220831961904,53.30516363717134,54.65618286547954,56.052936936054714,1.85028908132987,75.21560176752511,83331933.11117226,9.417071364311221,10.246534260696487,4.785870454696973,0.0,2.817154497174389,142.91906841836558,1
0.0,39.31046480107899,1.0,64.38563313550384,41.021402616252885,47.03998670465978,0.4551211412456687,0.0,0.0,0.0,0.0,0.0,0.0,0.0,0.0,0.0,0.0,0.0,0.0,0.0,0.0,0.0,0.0,0.0,0.0,0.0,0.0,0.0,0.0,0.0,1.0,1.0,1.0,413.29217869316955,42.160316206678914,43.76126755580508,42.606027096270104,1.8572525731422536,24.22888669938162,83124467.10284096,9.898549202018543,8.770138382250213,4.8781598121750065,0.0,0.0,141.1161088095676,1
72.53597696969526,3303329.2136296765,7.1,62.5388503839023,45.421854001317634,36.92109488729098,0.0,0.0,0.0,0.0,0.0,1.0,0.0,0.0,0.2327591313322929,0.6786135459502306,0.0,288.48087187770795,3512.5429521091423,0.0,1.0,0.0,0.0,0.0,0.0,0.0,1.0,0.0,0.0,0.0,0.0,1.0,1.0,17645.10442382195,67.0844789772428,1512.6562119932094,1150.513307789532,611.2096777243057,648.5549099474355,166517863.097603,13.898037257946378,47.728676653890304,857.1541053396791,374893.13193704386,0.0,245.0660582639328,0
0.08958854982315784,28304.65157197515,6.0,64.2120769319262,57.76487163510653,57.33841059332295,0.23743903989013848,0.0,0.0,0.0,0.0,1.0,0.0,0.0,0.0959530629086508,0.46021704644985983,0.12505683791648614,1.8253957416944753,31.275734615322307,0.0,1.0,0.0,0.0,0.0,0.0,0.0,1.0,0.0,0.0,0.0,0.0,1.0,1.0,7354.550482163274,499.4816396972705,1510.1168636455059,1352.0502114719911,360.89220374710527,1332.3201468162717,939.8567199381296,5.6161702554658115,52.10677613219871,511.6104423410261,190158.9671862999,4.925842046376412,37.852741230531095,0
0.5221199012043249,28370.004759720094,6.0,63.64140495337613,56.328663701176794,59.98149614212485,0.0,0.0,0.0,0.0,0.0,1.0,0.0,0.0,0.0,0.0,0.3961726106879103,1.770478908408137,30.867151230017704,0.0,1.0,0.0,0.0,0.0,0.0,0.0,1.0,0.0,0.0,0.0,0.0,1.0,1.0,7313.455771174632,499.7390537426446,1518.5560498128116,1350.9561202352393,361.2913635199889,1385.3716241081709,291.7768553214437,5.729504500453745,52.32732081223133,512.9720175639676,190173.29347035356,4.196819187247169,36.84102061614146,0
0.0,49.98466877260118,47.0,63.5072246711825,23.04857611956291,22.74965163277471,0.3898195338406848,0.0,0.0,0.0,0.0,0.0,0.0,0.0,0.0,0.13394030134355284,0.0,0.33211522864652876,0.0,0.0,0.0,0.0,0.0,0.0,0.0,0.0,0.0,0.0,0.0,0.0,0.0,1.0,1.0,6202.0699126934,591.046124538093,589.9907545003651,588.696996693087,1.1098161811541454,553.9001532155769,83681010.06544638,9.527634832756693,34.528608666836526,0.0,0.0,0.8633991499520519,142.80923471114173,1
72.82333625959946,3303284.8349002926,7.1,62.65145200418599,37.802671676571926,37.90770248138216,0.0,0.0,0.0,0.0,0.0,1.0,0.0,0.0,0.2548692096631666,0.21824930733660441,0.2695328766346182,288.9726164597942,3512.7267686471005,0.0,1.0,0.0,0.0,0.0,0.0,0.0,1.0,0.0,0.0,0.0,0.0,1.0,1.0,17649.36612982138,66.67689131741021,1511.4705106024664,1146.9973213663172,610.2292028091333,676.1857086017521,166517615.6081859,13.089413114862449,47.80976194231396,860.9598166396646,374909.20028898394,0.0,245.62262122153103,0
3.452000407559406,131.72741897811648,6.0,63.56071034866865,0.0,3.8882439429211963,0.0,0.0,1.0,0.0,0.0,0.0,0.0,0.0,0.4547786536240296,1.5739684823834108,0.0,0.4006908316777563,0.3344814835941038,0.0,0.0,0.0,0.0,0.0,0.0,0.0,1.0,0.0,0.0,0.0,0.0,1.0,1.0,563.3401742607124,54.8673856501219,53.17550177356631,53.83310172130642,1.6776876163042718,94.08030251809497,82973546.6076516,9.715698002382464,10.092494396857488,0.0,4.248179014883116,4.83296301534169,139.9362491806621,1
3.9168596172986794,74.42648945805584,6.0,64.4487329320024,0.0,0.0,0.159007779028162,0.0,1.0,0.0,0.0,0.0,0.0,0.0,0.27098924286671766,1.6473270139393363,0.11249057256935735,0.0,0.0,0.0,0.0,0.0,0.0,0.0,0.0,0.0,1.0,0.0,0.0,0.0,0.0,1.0,1.0,550.8508250092578,53.28047020803149,52.27837391835949,58.9489010687609,1.071341988921667,28.509462621987165,82972327.95518242,9.606980181911053,10.393041252616493,0.3666990124591045,1.874834148236591,0.0,139.55126322400514,1
0.0,6777.591068074677,17.0,64.18215252599317,7837.758899875455,7845.6338167933245,0.26196293506001944,0.0,0.0,0.0,0.0,0.0,0.0,0.0,0.4736216089888785,0.37472119084891164,0.09884069258592942,0.0,0.0,0.0,0.0,0.0,0.0,0.0,0.0,0.0,0.0,1.0,0.0,0.0,0.0,1.0,1.0,541.944162752314,49.79135452293179,46.45465314077882,52.40229677153221,0.0,37.4865030839446,83102216.62226312,9.671717055134351,9.541441340448328,3.1810839692387827,0.0,0.0,140.6006429415249,1
189.671570743082,40750.614753193426,8.2,62.551513004008086,29.847145752143405,21.164672572710906,0.0,0.0,0.0,0.0,0.0,1.0,0.0,0.0,0.3313981880683357,2.192032669469678,0.3420467948343444,1.7120128987253422,7.551503216405238,0.0,1.0,0.0,0.0,0.0,0.0,0.0,1.0,0.0,0.0,0.0,0.0,1.0,1.0,16646.169999162004,50.961161277517746,2963.9523853251562,1059.7488932815988,1245.6724789880348,1489.7606445133338,166517143.76574913,13.568195381796382,45.907964928752975,1762.4739477971902,1555839.2270651918,0.0,246.39797349182595,0
0.231747960517784,6854.704803810298,17.0,64.48610487590415,7844.446764612325,7837.800586368345,0.23601705068555145,0.0,0.0,0.0,0.0,0.0,0.0,0.0,0.08009456477484411,0.0,0.10852106266032302,0.23289345581461718,0.0,0.0,0.0,0.0,0.0,0.0,0.0,0.0,0.0,1.0,0.0,0.0,0.0,1.0,1.0,481.58624011507135,49.120228552567355,48.78177296208333,51.61476835163821,1.3072712702645592,47.26655209680406,83102931.84844099,9.874016860261932,9.720976849357305,0.9766644404649156,3.7171965042288058,1.8890962305678975,141.65068857762842,1
0.14053160696203026,92.93068764492573,6.0,63.83926416272814,23.839103460499565,22.81275873450783,0.4259102784129555,0.0,0.0,0.0,1.0,1.0,0.0,0.0,0.48837522134592426,0.18489323769870591,0.0,1.0737749652613702,1.4427660078592526,0.0,0.0,0.0,0.0,0.0,0.0,0.0,1.0,0.0,0.0,0.0,0.0,1.0,1.0,596.8776954445668,53.5270775646541,50.25298844592127,53.90268747807402,0.0,75.9273142798714,83330401.23317587,9.778824346496878,10.59240419364846,1.324359915080505,4.8709026023355655,0.0,141.34478350605687,1
72.6285617384056,3303248.4317614837,7.1,62.23819673390364,43.01959685756973,45.42133498489383,0.0,0.0,0.0,0.0,0.0,1.0,0.0,0.0,0.007978962326526423,0.43628931028742146,0.21163073107471253,288.80134424855,3512.3828583476793,0.0,1.0,0.0,0.0,0.0,0.0,0.0,1.0,0.0,0.0,0.0,0.0,1.0,1.0,17642.76054008426,66.48961351173708,1518.6191904686195,1153.5217275039497,611.4062219599391,667.7545215510095,166517667.33679813,13.855916335560723,48.24669194705737,864.4908111482196,374900.78962715325,4.988243795192668,245.8286210458571,0
0.11509968638098922,204534.26830869025,17.0,63.62090721173872,2654.524254902625,2659.3650595207027,0.4687888499178633,0.0,0.0,0.0,0.0,0.0,0.0,0.0,0.0,0.0,0.4745450649273929,0.0,0.0,0.0,0.0,0.0,0.0,0.0,0.0,0.0,0.0,1.0,0.0,0.0,0.0,1.0,1.0,5866.406875262968,554.280500671637,556.6763734843289,556.8441578802685,1.4741883078213043,569.064302903576,83784954.74071981,9.190414093411844,33.08242129015509,0.0,5.341179400834001,0.8908862578160726,142.48765277383944,1
0.4569847070833454,83.45456839767373,6.0,63.65853670010798,2.5407655680889043,6.994669011280837,0.0,0.0,1.0,0.0,0.0,0.0,0.0,0.0,0.0,1.4427398613900304,0.0,0.029220971912531923,0.0,0.0,0.0,0.0,0.0,0.0,0.0,0.0,1.0,0.0,0.0,0.0,0.0,1.0,1.0,588.4515848135337,53.91618721456748,52.25582527791776,55.31747372258138,0.0,56.868585245104285,83093257.06228785,9.834332413451873,9.929067439017397,1.4055306502670835,4.37490178511683,4.799410330963477,143.4563069829436,1
0.0,33.88734788903568,6.0,63.669424132561744,1.700247874805629,7.406865200488498,0.0,0.0,1.0,0.0,0.0,0.0,0.0,0.0,0.0,1.2768537787373955,0.1624562800473881,0.0,0.18215885150987188,1.0,0.0,0.0,0.0,0.0,0.0,0.0,1.0,0.0,0.0,0.0,0.0,1.0,1.0,580.8731259635877,54.41240702158,51.86070325301121,49.19415445699031,0.7663159761453135,75.60319336553123,83095065.1121571,9.068207940798322,10.858119821556949,0.0,2.775693816196023,4.659960049706539,143.26195372193388,1
0.0,86.34365674309642,6.0,63.6601696828026,25.664682893546505,18.984509526982226,0.0,0.0,0.0,0.0,1.0,1.0,0.0,0.0,0.0,0.0,0.38332458713368667,0.850128270214505,1.146110857300778,0.0,0.0,0.0,0.0,0.0,0.0,0.0,1.0,0.0,0.0,0.0,0.0,1.0,1.0,595.3966792166252,54.21488959645423,49.3601794939463,57.80063325783839,0.0,33.34625540654062,83331216.36862387,9.62330510095724,10.666606076776166,3.1485562269212313,0.0,0.0,140.4800246862996,1
0.3232235932124603,6781.0131829951515,17.0,64.26021082465661,7843.309387223667,7839.832476271301,0.2548712106906005,0.0,0.0,0.0,0.0,0.0,0.0,0.0,0.0,0.0,0.43049782887906163,0.026107180732666824,0.0,0.0,0.0,0.0,0.0,0.0,0.0,0.0,0.0,1.0,0.0,0.0,0.0,1.0,1.0,563.0411885273272,49.10732942342509,50.478779518255116,52.24324379365068,0.47428414244332995,41.59105022545839,83102672.7107574,9.036735355714091,9.817888895820811,1.1510630421705956,0.0,0.0,143.01741463465964,1
189.25777111333267,40788.667692811716,8.2,62.12957573364582,26.685508354985377,27.271877475570136,0.37350223510989533,0.0,0.0,0.0,0.0,1.0,0.0,0.0,0.5682661413550172,2.0032479524922535,0.17202713805107706,1.3004745357200878,6.774349850604631,0.0,1.0,0.0,0.0,0.0,0.0,0.0,1.0,0.0,0.0,0.0,0.0,1.0,1.0,16589.555124102022,50.44522337112395,2957.848336224059,1057.9078157855224,1246.8461978698474,1479.5200340974216,166517781.97583306,13.61158471069026,46.2346727601587,1762.8946346957969,1555851.9937670578,1.3820598342723596,244.37508725299446,0
0.0015935482735025541,24.740425489311704,47.0,63.567376629681114,24.22313657578907,21.654322959979584,0.0,0.0,0.0,0.0,0.0,0.0,0.0,0.0,0.3487988545464654,0.10037581733256506,0.0,0.0,0.043058343640057894,0.0,0.0,0.0,0.0,0.0,0.0,0.0,0.0,0.0,0.0,0.0,0.0,1.0,1.0,6172.37095472923,591.9841640545674,588.1607799982934,594.3203455079496,0.6065076047363078,598.3632085621779,83680413.84008117,9.126938096583455,34.803693406185246,3.1053890072508743,6.20114343189773,1.8202704066950393,141.81647479037795,1
27.901922735555925,2232938.9342386993,6.0,114.46326769644077,77.11817779005143,74.41641777670323,0.0,0.0,0.0,0.0,0.0,1.0,0.0,0.0,0.0,1.9856788787838764,0.3942003744669522,76.95714793475634,2188.2179909800598,0.0,1.0,0.0,0.0,0.0,0.0,0.0,1.0,0.0,0.0,0.0,0.0,1.0,1.0,11856.413781930247,65.59251555820356,1515.9097373566556,760.9497674068305,713.6675642651833,1057.833040034858,166526873.27469307,13.518509228145998,38.323614882711794,1007.342616690991,511300.578372672,0.0,245.89624966052565,0
0.0,20.14775252262953,47.0,64.35020708405168,16.384545019258127,22.98650471189884,0.0,0.0,0.0,0.0,0.0,0.0,0.0,0.0,0.0,0.2467954294271406,0.0,0.22271659627689,0.1069946422518987,0.0,0.0,0.0,0.0,0.0,0.0,0.0,0.0,0.0,0.0,0.0,0.0,1.0,1.0,6234.502487110553,591.0065732746415,588.498472329591,587.6451378419329,1.5087226976663306,632.8035544331298,83681695.69158903,9.420427955771077,34.065422053370945,0.0,9.815215552172852,0.7787633946111496,139.89262040800836,1
0.0,35.19510858973299,6.0,64.48789917316626,6.560309062574724,3.702061390635036,0.07714429123360667,0.0,1.0,0.0,0.0,0.0,0.0,0.0,0.364662225468377,0.6217514721288678,0.0650287149053943,0.223124121693817,0.0,1.0,0.0,0.0,0.0,0.0,0.0,0.0,1.0,0.0,0.0,0.0,0.0,1.0,1.0,606.0395347920996,53.69591439334775,56.20406017425749,50.032157612522745,0.0,8.813888357735841,83094192.72664122,9.533786430395029,9.974815296034913,0.0,4.9974201383975885,0.056865665892086525,142.15914689577602,1
0.35503024494863544,6862.345507316788,17.0,64.20908553967328,7839.970113184186,7837.577227374397,0.29310933226872127,0.0,0.0,0.0,0.0,0.0,0.0,0.0,0.0,0.0,0.0,0.4346134779671378,0.2937856501613988,0.0,0.0,0.0,0.0,0.0,0.0,0.0,0.0,1.0,0.0,0.0,0.0,1.0,1.0,551.3007041969962,50.501670545776065,53.731960588140694,46.35395557183403,0.30815355092509655,87.37581753032859,83102945.93026227,9.2047470721846,10.316153742008222,0.0,8.849740456371055,3.991107623095612,142.60877364343267,1
0.6066627740192453,204539.3632401396,17.0,63.69351362003468,2657.460701155573,2656.362731900233,0.0,0.0,0.0,0.0,0.0,0.0,0.0,0.0,0.32547988989612253,0.0,0.0,0.0,0.20364880241449201,0.0,0.0,0.0,0.0,0.0,0.0,0.0,0.0,1.0,0.0,0.0,0.0,1.0,1.0,5828.437342552627,554.4418655313389,557.0598792946165,554.3908428188839,0.0,550.7207830469395,83784376.35267007,9.749941317525995,33.74834580754673,0.0,3.1979632361979498,4.845265041447435,143.39150809103214,1
0.4605400426720945,204556.1606721481,17.0,64.46740124720903,2654.6614330491543,2653.2732573867816,0.0,0.0,0.0,0.0,0.0,0.0,0.0,0.0,0.0,0.0,0.4265689638647745,0.19090469747989725,0.20186538174334034,0.0,0.0,0.0,0.0,0.0,0.0,0.0,0.0,1.0,0.0,0.0,0.0,1.0,1.0,5807.991613022615,553.9318925448505,550.3178817709511,551.5584822591258,0.34351954939586804,531.6169119443427,83785327.61404571,9.935718887119892,33.5948611681377,3.2106582124436702,0.0,2.1647948393770866,140.97493016074606,1
0.941020857894947,28345.929165157464,6.0,63.743981003316,63.968255101226546,63.91460324626862,0.3910036345186698,0.0,0.0,0.0,0.0,1.0,0.0,0.0,0.0,0.0,0.0,2.2949104781888785,31.156764809387845,0.0,1.0,0.0,0.0,0.0,0.0,0.0,1.0,0.0,0.0,0.0,0.0,1.0,1.0,7267.708922432436,500.6342043554339,1512.6955387233832,1351.7333451642455,362.94875265801323,1339.5166807184899,0.0,5.776636938851995,51.63073576594407,513.6475989802766,190163.19782326947,0.0,39.96590462613405,0
0.0,32.07341634951169,6.0,63.979312173685145,0.9731879164960274,2.698331749066973,0.0,1.0,0.0,1.0,0.0,0.0,0.0,0.0,1.4921655651640275,0.0,1.3447014775555814,0.0,0.43793398554843777,0.0,0.0,0.0,0.0,0.0,0.0,0.0,1.0,0.0,0.0,0.0,0.0,1.0,1.0,588.9801124042391,54.1916176918319,51.596159600232475,54.57886971365942,1.940176401408357,57.021070981099214,83344862.93507211,9.43104542602919,10.051731155190314,0.0,0.0,0.0,140.8965435383468,1
0.16716148256749297,71.82321753554477,6.0,64.02334559390059,19.646784948631392,17.728645806010928,0.4737055229137763,0.0,0.0,0.0,1.0,1.0,0.0,0.0,0.13302557326061049,0.0,0.0,0.9674604596997394,0.8329567276737248,0.0,0.0,0.0,0.0,0.0,0.0,0.0,1.0,0.0,0.0,0.0,0.0,1.0,1.0,564.2420903853701,53.502827341404,57.79805657942468,49.113985792294585,0.0,8.761851203148801,83331594.17214587,9.957229588771202,10.040556409783807,0.0,0.0,0.0,142.11258529586965,1
0.0,67.01138531079482,6.0,63.95780957653035,24.691315328126016,24.23896912614273,0.45711315529472507,0.0,0.0,0.0,1.0,1.0,0.0,0.0,0.03045326704990947,0.0,0.07995801016931248,0.6586725028395335,1.4808306334974222,0.0,0.0,0.0,0.0,0.0,0.0,0.0,1.0,0.0,0.0,0.0,0.0,1.0,1.0,538.9001684276408,54.73680015719268,55.47390608322074,54.49613532938272,0.45037102987433775,101.66996064321876,83332044.93307345,9.950508208313554,10.604984018208066,0.0,5.489130026431287,0.0,141.4260038892172,1
0.39183972018833746,78.77772755639263,6.0,64.34945483928261,2.059423510312604,0.0,0.14135491562800095,1.0,0.0,1.0,0.0,0.0,0.0,0.0,1.455746367818,0.0,0.5644699319530256,0.052314531652557617,0.12321233217065375,0.0,0.0,0.0,0.0,0.0,0.0,0.0,1.0,0.0,0.0,0.0,0.0,1.0,1.0,593.9370167830284,53.47564515415745,54.62926696816088,57.44109141346219,0.9251772453262723,40.08643746047827,83344409.3413151,9.071440137763494,10.7745903551249,2.9599471995117677,5.48396016614193,1.575777884205099,143.09371902386732,1
0.0,204544.930548307,17.0,64.46768575848063,2657.4581911565115,2657.127902464821,0.16638888329580936,0.0,0.0,0.0,0.0,0.0,0.0,0.0,0.49443588840361674,0.33919352501118016,0.46749764435274943,0.23616938451211078,0.35468480989212103,0.0,0.0,0.0,0.0,0.0,0.0,0.0,0.0,1.0,0.0,0.0,0.0,1.0,1.0,5775.91375299954,554.0776065359395,550.3361635127324,550.8226252461184,0.0,570.5236850427575,83785371.30176091,9.660212010932481,33.01851902254999,0.0,0.4764827522850634,0.0,141.3580878938811,1
0.3155328035608772,0.0,47.0,63.6193421051502,16.381494979876173,17.919878724167315,0.014383899105829157,0.0,0.0,0.0,0.0,0.0,0.0,0.0,0.0,0.0,0.11625138236976673,0.2712172034548629,0.04082572284982122,0.0,0.0,0.0,0.0,0.0,0.0,0.0,0.0,0.0,0.0,0.0,0.0,1.0,1.0,6259.498005387522,592.2688687171747,588.6912257983412,591.7078221186725,0.0,637.4833358170339,83680782.66871613,9.606454987256942,34.782148238210375,0.0,0.0,3.24535811906377,143.11663415188647,1
35.43548285922017,30335.769987909374,6.0,149.1120872505861,8.454448804074921,8.036387697155988,0.3546808470874496,0.0,0.0,0.0,0.0,1.0,0.0,0.0,0.3609185767994929,0.8890330756616138,0.0,37.3043295904944,101.25760778692859,0.0,1.0,0.0,0.0,0.0,0.0,0.0,1.0,0.0,0.0,0.0,0.0,1.0,1.0,1112.2337328615988,66.13987311033246,638.2257612098281,200.67149253372048,207.17828373286193,165.2419227585522,0.0,5.886610596255224,19.525125193688744,287.71400458054734,53213.44881148731,3.8446958037795507,38.25397854160245,0
72.43666343353685,3303291.1541366605,7.1,62.577056382133385,46.65483930031584,38.19418053584806,0.0,0.0,0.0,0.0,0.0,1.0,0.0,0.0,0.0,0.24131372260700334,0.0,289.0656460453929,3512.07411349818,0.0,1.0,0.0,0.0,0.0,0.0,0.0,1.0,0.0,0.0,0.0,0.0,1.0,1.0,17639.18881319514,66.11313416497121,1512.2566677344998,1149.0538295313654,609.1870943465815,652.71898443405,166516706.2353639,13.399856327905393,47.80107723038041,860.7290206456094,374903.8188907962,1.2523485055041306,243.4389625295028,0
0.0,204489.39524881827,17.0,64.44507940549524,2655.8603580855406,2657.8028468931757,0.04620644107281624,0.0,0.0,0.0,0.0,0.0,0.0,0.0,0.0,0.37366989199916245,0.0,0.0,0.0,0.0,0.0,0.0,0.0,0.0,0.0,0.0,0.0,1.0,0.0,0.0,0.0,1.0,1.0,5775.018161898334,554.2846504844887,553.202496874699,552.7179791794002,0.36682818177546883,590.6645870210675,83785587.62192318,9.407011104643969,33.281510320835594,0.0,0.0,0.0,141.907686795437,1
0.0,6829.3835340551595,17.0,63.81182751571765,7844.294283603222,7843.893292657873,0.15229783713243716,0.0,0.0,0.0,0.0,0.0,0.0,0.0,0.0,0.3844630870274405,0.3240545964640701,0.0,0.23782356483833322,0.0,0.0,0.0,0.0,0.0,0.0,0.0,0.0,1.0,0.0,0.0,0.0,1.0,1.0,495.9904876606995,50.347182059003494,51.638672537265236,46.95950174386732,0.0,86.04613098888126,83101872.77289121,9.286862519478037,10.034375582889721,0.0,0.0,0.0,140.32674120573157,1
189.75394127488738,40778.9546012997,8.2,62.62003463498026,23.11027061726789,25.70190753485994,0.0,0.0,0.0,0.0,0.0,1.0,0.0,0.0,0.0,2.04162727865701,0.0,1.5311525530925452,7.341773260396164,0.0,1.0,0.0,0.0,0.0,0.0,0.0,1.0,0.0,0.0,0.0,0.0,1.0,1.0,16659.45227356558,49.541806418994106,2964.5942745701955,1055.8592985438813,1246.6086255617672,1533.0717381191546,166516640.75848648,13.830846297345142,46.31710067371244,1761.5140250182615,1555841.4696266258,0.0,243.72583770135088,0
0.0,94.99670946521168,6.0,64.27046995734807,0.0,0.0,0.172406778860696,1.0,0.0,1.0,0.0,0.0,0.0,0.0,0.8639440856558542,0.0,1.450447107716393,0.0,0.4079422080968186,0.0,0.0,0.0,0.0,0.0,0.0,0.0,1.0,0.0,0.0,0.0,0.0,1.0,1.0,614.8972523987434,54.75959381281328,51.22472269820306,50.431089141420806,0.0,20.393801307942645,83344950.54330653,9.242514009836713,10.228067484847562,0.9797517732566705,0.0,1.8738450620847678,141.28729752058297,1
0.006606575435275208,9.004396021521643,47.0,63.841902896881756,17.988095430131523,23.248950238485804,0.0,0.0,0.0,0.0,0.0,0.0,0.0,0.0,0.0,0.4001557151986965,0.1076578273398241,0.0,0.28252830283978325,0.0,0.0,0.0,0.0,0.0,0.0,0.0,0.0,0.0,0.0,0.0,0.0,1.0,1.0,6259.156228689709,592.2322893341508,596.3578089545,588.1589694687631,1.447152601666291,607.2589630543117,83680343.21834275,9.692822373466214,33.913016506207015,2.5482394793475818,9.526330827370376,4.690537993172404,141.27367927961112,1
0.4332170337796296,49.02761151726665,6.0,64.34524680018693,2.4679671414228936,9.449953504259456,0.15435180658292647,0.0,1.0,0.0,0.0,0.0,0.0,0.0,0.0,0.6842128808027733,0.0,0.0,0.28212509727072776,1.0,0.0,0.0,0.0,0.0,0.0,0.0,1.0,0.0,0.0,0.0,0.0,1.0,1.0,573.8060014575823,54.55849361579081,53.503852855290994,57.311686769705034,1.638800462134638,88.57121486632677,83093548.09678279,9.03208609270955,10.378079973512625,1.0787734161666318,0.0,0.0,140.16862716619926,1
0.284386303673029,38.13258203805351,1.0,63.9667355226132,47.19577301546873,37.670469119940336,0.0,0.0,0.0,0.0,0.0,0.0,0.0,0.0,0.02529422835211448,0.0,0.15324146588107235,0.0,0.41964637135530436,0.0,0.0,0.0,0.0,0.0,0.0,0.0,0.0,0.0,0.0,0.0,1.0,1.0,1.0,448.7155195676622,42.70652173437986,41.35255744193138,43.738846480628524,1.140127334644872,0.0,83124753.08418792,9.875815363821093,9.411463039128675,0.0,0.0,4.419030868603777,141.8870210772988,1
0.30167175595928564,78.40578641248283,6.0,63.735678319990484,67.0039183705701,59.95516219493854,0.4480797802663167,0.0,0.0,0.0,1.0,1.0,0.0,0.0,0.0010405144901478591,0.0,0.3822572430281941,0.8562020571179885,1.4861445256723875,0.0,0.0,0.0,0.0,0.0,0.0,0.0,1.0,0.0,0.0,0.0,0.0,1.0,1.0,570.2814924040696,54.02953573641534,56.674432197006595,51.946290782264036,1.5076465658877174,81.84694276635621,83331103.59544423,9.436122651684112,10.826443057546237,0.0,0.0,0.10296316254455018,142.41533396122793,1
0.13632888708397162,48.373000562414234,6.0,64.30216548104967,0.0,0.0,0.05567287321650061,1.0,0.0,1.0,0.0,0.0,0.0,0.0,0.5945373568478464,0.0,0.7055363874554127,0.16275742166852836,0.0,0.0,0.0,0.0,0.0,0.0,0.0,0.0,1.0,0.0,0.0,0.0,0.0,1.0,1.0,525.0711794969237,53.017840178589374,56.48430755687363,55.802133460490026,0.0,81.71101972522352,83344697.27646498,9.031293765232506,10.490204545658115,4.599226908483999,0.0,0.0,141.0793237703022,1
0.0,29.99168431981954,1.0,63.610092400976576,42.47983334767006,44.62617015608569,0.0,0.0,0.0,0.0,0.0,0.0,0.0,0.0,0.0,0.19680987572224873,0.0737781299696495,0.0,0.212261111489644,0.0,0.0,0.0,0.0,0.0,0.0,0.0,0.0,0.0,0.0,0.0,1.0,1.0,1.0,395.04224657466796,41.36901831754592,37.74797570530292,42.301452652919394,0.0,82.42175324524783,83125078.7352002,9.037685300319778,9.598354960556518,1.1910280089119194,4.931380272547379,0.6158905720291488,139.77201386766532,1
0.296807735368652,21.240801953997604,47.0,64.3873742966777,21.830964116015522,22.84487348471794,0.28928171439571704,0.0,0.0,0.0,0.0,0.0,0.0,0.0,0.0,0.12063413266061285,0.0,0.32768170594998447,0.41754732035713027,0.0,0.0,0.0,0.0,0.0,0.0,0.0,0.0,0.0,0.0,0.0,0.0,1.0,1.0,6232.141191330115,591.0094806830932,596.6383213144824,587.5666569516641,1.77460692115169,629.758336528432,83681525.31774393,9.754867524904974,34.20984872740371,0.0,9.461618947432132,0.8568900579150043,140.22223976655792,1
27.28981353449554,2232943.141776864,6.0,114.57042188621324,80.56110072824742,74.55938397699718,0.15250216208939305,0.0,0.0,0.0,0.0,1.0,0.0,0.0,0.0,1.82652517688244,0.43487877040784506,76.5416177579987,2188.0337850184164,0.0,1.0,0.0,0.0,0.0,0.0,0.0,1.0,0.0,0.0,0.0,0.0,1.0,1.0,11854.478051866792,65.23693509881049,1509.5850516496887,752.3565588807531,714.8860750354968,1126.1172853774813,166527116.27810398,13.616078866106108,38.7808570370781,1010.2782949982999,511291.9624656016,5.300937178873125,245.39143727246386,0
0.1559663571715949,14.653624247315193,6.0,63.83395328285256,0.0,1.8225702162107291,0.0,0.0,1.0,0.0,0.0,0.0,0.0,0.0,0.0,1.4702536964644155,0.2645208844335216,0.05004816887346031,0.18733258664619146,0.0,0.0,0.0,0.0,0.0,0.0,0.0,1.0,0.0,0.0,0.0,0.0,1.0,1.0,545.1724188394237,53.20831758301043,50.23276575817265,56.53208679379131,0.0,17.120780509794415,83093379.59237872,9.986247208060778,10.383639124203077,0.0,4.7968990442870645,0.7695439046865875,140.06313685785642,1
0.3502954459869184,33.33602112371156,47.0,64.19089327891591,15.356533927892135,22.30668219711425,0.0,0.0,0.0,0.0,0.0,0.0,0.0,0.0,0.07392711416610198,0.15274026963805498,0.3577153244621891,0.19267815958889944,0.0,0.0,0.0,0.0,0.0,0.0,0.0,0.0,0.0,0.0,0.0,0.0,0.0,1.0,1.0,6255.8958818346755,592.6129871484825,594.1098591385081,588.3038493132764,0.8747624152595526,621.3374624119839,83681954.51900657,9.400530851074393,34.63742370190005,0.7221754153247595,0.0,0.7943803313456925,139.90378316855333,1
27.9595522936519,2232997.342782366,6.0,114.28915021602262,81.64049952076263,81.15645767078716,0.0,0.0,0.0,0.0,0.0,1.0,0.0,0.0,0.16382825630770648,2.29744179001016,0.355937770243655,76.68328956461197,2188.826865267417,0.0,1.0,0.0,0.0,0.0,0.0,0.0,1.0,0.0,0.0,0.0,0.0,1.0,1.0,11787.196023889132,65.78561336825048,1517.6380360585983,755.7749926733117,716.2481651175541,1062.0868583254164,166526228.2863353,13.250897684150933,38.844808259525095,1012.0124974414913,511289.4441526634,4.527316856847374,242.655392057022,0
27.890472033907066,2232979.3994848165,6.0,114.08355730666455,77.40045783422626,82.35462972744185,0.16967474786014214,0.0,0.0,0.0,0.0,1.0,0.0,0.0,0.0,2.167355789856015,0.0,77.18783647315122,2188.407365778761,0.0,1.0,0.0,0.0,0.0,0.0,0.0,1.0,0.0,0.0,0.0,0.0,1.0,1.0,11829.412047759957,65.68604097234189,1516.7203335886438,751.8432913977153,715.3171640370098,1049.6819993916035,166526512.06676698,13.598828295357302,38.66870367248612,1007.8287786681088,511302.3800726591,5.4212173997315976,246.22758580689208,0
0.0682044744839001,41.98354686069642,1.0,63.89844412888465,40.269349557988846,47.12857167069132,0.1360629046459858,0.0,0.0,0.0,0.0,0.0,0.0,0.0,0.10019641745085128,0.0,0.09312013926664287,0.0,0.2430085497938701,0.0,0.0,0.0,0.0,0.0,0.0,0.0,0.0,0.0,0.0,0.0,1.0,1.0,1.0,474.1598333894688,41.347612167932716,43.22527248349615,41.656155925108195,0.44867573380331116,74.6624405638963,83124871.94666748,9.175905725988903,9.108219396704724,3.7724261485182407,0.0,1.3731901902052703,142.36009370018698,1
0.8600813415457962,28321.882330125518,6.0,63.89227745337135,62.25852008790423,64.57929152017611,0.0,0.0,0.0,0.0,0.0,1.0,0.0,0.0,0.0,0.25749716730304073,0.0,1.8631595679316373,30.468212810188046,0.0,1.0,0.0,0.0,0.0,0.0,0.0,1.0,0.0,0.0,0.0,0.0,1.0,1.0,7288.034576393108,501.05428669244935,1518.6204865223842,1356.5975955435224,360.85234191782627,1392.5520353864547,879.3304663140043,5.87247647290096,51.71142616295208,510.9269407156797,190163.04482971886,0.0,37.07746780137373,0
0.0,63.49099063948765,6.0,63.72665116628597,23.97412992528168,20.407982898159858,0.32648459811801944,0.0,0.0,0.0,1.0,1.0,0.0,0.0,0.0,0.24444654520911624,0.0,1.3658421558191753,1.3773578442689858,0.0,0.0,0.0,0.0,0.0,0.0,0.0,1.0,0.0,0.0,0.0,0.0,1.0,1.0,567.4683246298741,53.0822339541042,58.543857591954236,55.83779908281568,1.8853980325535016,76.38915009248683,83330999.54202347,9.783962314234445,10.051956396866682,1.490325096577215,8.627514862666168,0.028514458027270706,139.63911324301864,1
0.43467354652462675,6838.594982103574,17.0,63.95156018231341,7845.68670721275,7837.507141865593,0.1646330428742222,0.0,0.0,0.0,0.0,0.0,0.0,0.0,0.0,0.3378781666016616,0.4212451829103935,0.33573327898923466,0.4796682455673946,0.0,0.0,0.0,0.0,0.0,0.0,0.0,0.0,1.0,0.0,0.0,0.0,1.0,1.0,488.18939545168735,49.10682159021075,51.49142669393329,46.699557198269034,0.0,15.462394633907152,83102665.4665127,9.764909204885873,9.572234325983619,0.0,0.0,3.143454589994123,140.85922964968665,1
0.10508120058478276,54.14532037118394,6.0,64.12053116992419,19.3028609644805,20.122691962834327,0.09875119035273328,0.0,0.0,0.0,1.0,1.0,0.0,0.0,0.0,0.37431704186970094,0.41399114418360394,0.5613997299821244,1.216111355029284,0.0,0.0,0.0,0.0,0.0,0.0,0.0,1.0,0.0,0.0,0.0,0.0,1.0,1.0,606.4941319939527,54.9715145354919,53.60809629190402,55.779792310379904,0.4100530397403439,73.66793423137428,83331063.33381534,9.850958724642675,10.630396265669381,3.2352852448889227,9.935450481530498,4.121917398443571,140.4622781251969,1
0.4874128293908403,6.418959168163852,47.0,64.28647554907906,23.930467989606836,15.817648447439499,0.0,0.0,0.0,0.0,0.0,0.0,0.0,0.0,0.0,0.0,0.0,0.26295818392576065,0.1006126967634634,0.0,0.0,0.0,0.0,0.0,0.0,0.0,0.0,0.0,0.0,0.0,0.0,1.0,1.0,6218.596490879051,591.0466879260448,589.33729751016,590.5140004353618,0.0,564.8901050491758,83681348.30524495,9.207792453671441,34.61136796942172,0.0,5.0849346196264715,0.0,140.84141404179283,1
0.0,31.981530918168495,6.0,63.81290339170525,0.0,1.761192553879432,0.4279403060375532,1.0,0.0,1.0,0.0,0.0,0.0,0.0,0.5709770617366415,0.26480428993869265,0.7714895881680058,0.39839262681094223,0.03420075873851902,0.0,0.0,0.0,0.0,0.0,0.0,0.0,1.0,0.0,0.0,0.0,0.0,1.0,1.0,529.3936184863975,53.16039773639342,58.604324617918,57.21171260879549,0.0,84.78857576261417,83343882.43284114,9.510411684071377,10.164536485085913,3.517471713840404,0.0,0.0,143.48487364326402,1
0.0,55.34129169501416,6.0,63.53740882156401,0.0423188906922487,7.982641050493973,0.09470495635206055,0.0,1.0,0.0,0.0,0.0,0.0,0.0,0.03082646663419364,1.4400006283446998,0.0,0.25464559515257623,0.3645587377343781,1.0,0.0,0.0,0.0,0.0,0.0,0.0,1.0,0.0,0.0,0.0,0.0,1.0,1.0,607.6978786234503,53.589881245151524,50.74326591681631,49.43751081061593,0.0,94.17289223235522,83095324.10478264,9.503558196156668,10.63354509901442,2.3088238073642975,3.4385713697818954,0.0,139.88577621819312,1
0.07744160678475498,204517.11771820328,17.0,63.914827752298024,2660.012966640544,2661.1035447706977,0.0013466458484023835,0.0,0.0,0.0,0.0,0.0,0.0,0.0,0.3440056950924081,0.3250203180285417,0.0,0.08580761316135388,0.31969276546271796,0.0,0.0,0.0,0.0,0.0,0.0,0.0,0.0,1.0,0.0,0.0,0.0,1.0,1.0,5790.156255414186,553.6135601938092,556.2616217185501,554.2178844446079,0.0,586.4733008640073,83785667.71685569,9.06893158411007,33.68583625254258,0.0,0.0,0.5965075443041741,141.4863429143531,1
0.0,23.96334772227574,6.0,64.30595205279396,0.0,0.7103017890991344,0.0,1.0,0.0,1.0,0.0,0.0,0.0,0.0,1.2583040045264227,0.021502099917378614,1.145698349320074,0.0,0.4926285565161874,0.0,0.0,0.0,0.0,0.0,0.0,0.0,1.0,0.0,0.0,0.0,0.0,1.0,1.0,613.2090331422356,54.10373807945164,51.89197769620653,54.712712869178894,0.0,42.93027454336093,83345345.94320953,9.896023252286241,10.261205127708301,3.180096205448111,2.496587575692036,2.4324573120553463,142.8305623572694,1
0.0,204580.09019558402,17.0,64.12569292453985,2661.6930142008823,2660.912492512311,0.4627622805286571,0.0,0.0,0.0,0.0,0.0,0.0,0.0,0.08120513994062917,0.2749384329664203,0.0,0.0850684746467032,0.0,0.0,0.0,0.0,0.0,0.0,0.0,0.0,0.0,1.0,0.0,0.0,0.0,1.0,1.0,5800.883782853681,554.8076992437461,549.5043865662835,551.0929307665108,0.0,523.5354387029748,83784826.03648034,9.2448006093395,33.319271652223996,0.0,1.8999783263620635,0.0,140.64508724887185,1
3.7953250951286526,133.593374853532,6.0,64.37169770729581,1.887000302016437,1.5898377360445364,0.008351137119274599,0.0,1.0,0.0,0.0,0.0,0.0,0.0,0.4801746223590855,2.2416942315691095,0.0,0.0,0.34009108389607223,0.0,0.0,0.0,0.0,0.0,0.0,0.0,1.0,0.0,0.0,0.0,0.0,1.0,1.0,530.5023775615732,54.36232995600325,57.26712756625908,54.18068981172239,0.0,99.36319182666986,82973052.3011764,9.35259779648528,10.36307700893432,3.3153861397621416,6.2990022983547505,0.0,140.79963031545844,1
72.63669911882944,3303283.600352671,7.1,62.13881622793517,42.56740206845895,41.06101132740208,0.0,0.0,0.0,0.0,0.0,1.0,0.0,0.0,0.0,0.7689136069216215,0.022207800004694134,288.5208859227652,3512.601834153776,0.0,1.0,0.0,0.0,0.0,0.0,0.0,1.0,0.0,0.0,0.0,0.0,1.0,1.0,17604.98497543696,66.59670093748555,1513.928952182431,1148.2710365057987,609.623806513613,666.0390955480858,166517056.50415367,13.282884958637274,48.43609959499029,855.0324231182018,374894.646201805,4.0024242456858055,245.69922185942175,0
0.3910772288274128,6872.304179205567,17.0,64.48175368447154,7843.205086202413,7839.294435183245,0.45223602061780854,0.0,0.0,0.0,0.0,0.0,0.0,0.0,0.0,0.25679729958315656,0.06740625939363798,0.0,0.0,0.0,0.0,0.0,0.0,0.0,0.0,0.0,0.0,1.0,0.0,0.0,0.0,1.0,1.0,543.87551530402,50.65399670400759,52.33159392276994,52.68334788193241,0.5491734463421492,57.06600755044428,83102985.26737887,9.503261679799262,9.513604644401514,4.996456002766447,0.0,1.5314076030426582,141.14621450474266,1
0.0,204564.26240039626,17.0,64.33720394979511,2659.5037167938244,2653.648559940282,0.0,0.0,0.0,0.0,0.0,0.0,0.0,0.0,0.0,0.0,0.0,0.0,0.0,0.0,0.0,0.0,0.0,0.0,0.0,0.0,0.0,1.0,0.0,0.0,0.0,1.0,1.0,5779.600015828859,553.3405109978731,552.6127527829963,555.2793917425635,1.5992375300482173,505.2457728520186,83785608.53018576,9.645496266739448,33.32880151501995,0.0,0.0,1.4502446106692748,143.270410477962,1
0.0,0.0,1.0,63.61100253776994,45.73560772515013,42.672926546579454,0.0,0.0,0.0,0.0,0.0,0.0,0.0,0.0,0.0,0.0,0.4635395109859264,0.0,0.0,0.0,0.0,0.0,0.0,0.0,0.0,0.0,0.0,0.0,0.0,0.0,1.0,1.0,1.0,469.08186263514835,41.49845082886771,41.83938700145201,44.53814115273454,0.07954172509574953,15.292073396957857,83123966.64629555,9.801193024782727,9.444414372649273,3.217962618443,0.0,0.38856447693299234,143.27324661176957,1
0.237478065415073,0.0,47.0,64.45774245925193,22.415557873388778,23.88947011504928,0.29571646073010127,0.0,0.0,0.0,0.0,0.0,0.0,0.0,0.05212449910222594,0.0,0.13251600311013723,0.12392091506325909,0.0,0.0,0.0,0.0,0.0,0.0,0.0,0.0,0.0,0.0,0.0,0.0,0.0,1.0,1.0,6228.2696022951,592.222195603168,589.0550379123737,589.6536237344851,0.0,569.5453660219291,83680592.21350035,9.338531060177452,34.59379475732102,4.769159492934294,0.0,1.5802100349537973,143.0222302199459,1
189.23355592402424,40782.49717794346,8.2,62.37737833550763,23.618770150566622,20.597290998158158,0.1485323391185588,0.0,0.0,0.0,0.0,1.0,0.0,0.0,0.0,2.0075812832608277,0.35571702903804525,1.4842558980249831,7.305017912045414,0.0,1.0,0.0,0.0,0.0,0.0,0.0,1.0,0.0,0.0,0.0,0.0,1.0,1.0,16635.062278815527,50.36041577133426,2960.147724376846,1057.2473698293138,1244.0104408084192,1482.0267457910272,166517755.9209719,13.811773274546432,46.3825010416082,1759.7298402284296,1555838.5746933674,0.0,246.5593013186416,0
189.0480098680806,40758.299947671156,8.2,62.566608257754815,29.913947670518517,27.280703434719594,0.48100389608181504,0.0,0.0,0.0,0.0,1.0,0.0,0.0,0.0,2.0411596151966602,0.0,1.8563982282871634,7.157791722658948,0.0,1.0,0.0,0.0,0.0,0.0,0.0,1.0,0.0,0.0,0.0,0.0,1.0,1.0,16623.194025428744,49.47503515614335,2964.87534335625,1061.411869188453,1245.8828837605727,1478.131297303598,166518021.69948792,13.297021571777652,46.13508399946326,1767.3002544722856,1555852.0891576253,2.2262610601966637,246.41592375908587,0
0.2430691307485483,102.77848236689678,6.0,64.43036886951958,3.3572646273982527,7.183421623769172,0.0,0.0,1.0,0.0,0.0,0.0,0.0,0.0,0.0,1.2416573009489644,0.0,0.38562192958285746,0.0,1.0,0.0,0.0,0.0,0.0,0.0,0.0,1.0,0.0,0.0,0.0,0.0,1.0,1.0,608.35106738129,54.49650646893971,57.400718633323976,51.115551231372876,0.0,19.439956795998057,83094301.23280543,9.95470777314454,10.832572819336308,1.0356346870170619,0.0,2.4669782611531375,140.1505797633395,1
0.0,6780.461682545319,17.0,63.84370559591629,7839.203191170143,7839.044318840941,0.034524375897875825,0.0,0.0,0.0,0.0,0.0,0.0,0.0,0.4416618594648303,0.0,0.35758039136329955,0.0,0.22719867458215115,0.0,0.0,0.0,0.0,0.0,0.0,0.0,0.0,1.0,0.0,0.0,0.0,1.0,1.0,573.3589010440924,50.05903140129582,46.89639687219147,54.15781577156919,0.0,45.131939647333176,83102739.00247741,9.739638510807533,9.788091782455135,0.0,1.7678546052163782,3.9472536179214277,141.54942359343656,1
0.36460739879120463,6867.318400640865,17.0,64.32196075334838,7836.650925392815,7840.433635334674,0.0,0.0,0.0,0.0,0.0,0.0,0.0,0.0,0.0,0.0,0.23922226447216854,0.3765202768636803,0.3482113162015442,0.0,0.0,0.0,0.0,0.0,0.0,0.0,0.0,1.0,0.0,0.0,0.0,1.0,1.0,504.18161300839387,50.88699570467834,50.432979272991034,53.33268502994671,0.0,9.292730688563879,83102081.10653904,9.212435296877238,10.21510389856159,4.649789508473196,6.692339364451122,0.0,142.14217492909657,1
3.506308463901264,132.38400238985028,6.0,63.6255236328011,3.176262616936592,0.0,0.12064966503799146,0.0,1.0,0.0,0.0,0.0,0.0,0.0,0.13670527582081793,1.662954207755348,0.48707747425549797,0.0,0.0,0.0,0.0,0.0,0.0,0.0,0.0,0.0,1.0,0.0,0.0,0.0,0.0,1.0,1.0,616.5124636667063,53.76838966852183,50.70013365958316,56.78836196640144,0.587670476489834,65.26149021232067,82973583.6628198,9.254605814941353,10.001283810841478,3.801720349453042,0.0,0.0,141.6156053580895,1
27.503832153480825,2232999.0072002294,6.0,114.03465664686165,78.10466087578206,83.30610767094585,0.0,0.0,0.0,0.0,0.0,1.0,0.0,0.0,0.23336739025473296,2.221909906314804,0.0,77.03931633315555,2188.879430253534,0.0,1.0,0.0,0.0,0.0,0.0,0.0,1.0,0.0,0.0,0.0,0.0,1.0,1.0,11833.99491655463,66.18405303639804,1517.6447134863922,761.2449371180193,716.4879961559577,1056.7077227309992,166526528.84813637,13.592587720906977,39.27987108567766,1013.4406988972555,511300.0511113756,0.0,245.4515297824626,0
0.4463037527350825,6792.212276798249,17.0,64.27157858673422,7837.657575462084,7845.908883375986,0.4034228555906696,0.0,0.0,0.0,0.0,0.0,0.0,0.0,0.21336197367220622,0.0,0.0,0.0,0.4960455067364993,0.0,0.0,0.0,0.0,0.0,0.0,0.0,0.0,1.0,0.0,0.0,0.0,1.0,1.0,565.0141771934541,49.833105210536246,46.513179567904544,50.592692017950014,0.0,89.49488726500527,83102463.4494233,9.108212351875348,10.418643249927237,0.0,0.0,0.0,141.22827453619786,1
189.191201833559,40782.231635126045,8.2,62.89005787638384,23.457987990068954,26.10038482807884,0.0,0.0,0.0,0.0,0.0,1.0,0.0,0.0,0.624869234348044,1.222349988623634,0.3781196100917853,1.8768682952811746,7.094381335946558,0.0,1.0,0.0,0.0,0.0,0.0,0.0,1.0,0.0,0.0,0.0,0.0,1.0,1.0,16569.956334204388,50.69771265685457,2962.902342530835,1061.9804939454446,1245.7300713103198,1560.31743841628,166517891.14312628,13.059994427664742,45.92273364248809,1758.8876225858587,1555847.6026236934,0.32762344853318837,242.94284312888428,0
0.43578090911717704,74.45080523777712,6.0,64.16913330328386,5.480634831251698,0.00513357123767344,0.0,0.0,1.0,0.0,0.0,0.0,0.0,0.0,0.013481288641599809,0.8656097625369711,0.0,0.24233932212242415,0.0,0.0,0.0,0.0,0.0,0.0,0.0,0.0,1.0,0.0,0.0,0.0,0.0,1.0,1.0,524.4558680215847,53.35245617498299,55.34781950536282,49.89198680855788,0.08286924491663772,74.51854872347837,83092294.11128971,9.173977500286064,10.820542925635015,0.0,0.0,0.28090348897588324,140.903276711698,1
0.0,1.2729995984151117,1.0,64.40024187840042,39.56099533821613,41.3731832388128,0.1752307314720042,0.0,0.0,0.0,0.0,0.0,0.0,0.0,0.199434434063533,0.25197260854013115,0.0,0.0,0.0,0.0,0.0,0.0,0.0,0.0,0.0,0.0,0.0,0.0,0.0,0.0,1.0,1.0,1.0,394.5751722510418,42.268623559561284,39.31042273930108,45.94936662738603,1.1909623243458975,71.3104738610712,83125391.16316871,9.4407974414036,9.159761898396662,4.754793199486807,1.6696556580060644,0.0,140.5489944012667,1
35.394212267079084,30309.465127792893,6.0,148.39496684376434,5.701645751349025,2.9187161264923294,0.15740601011512512,0.0,0.0,0.0,0.0,1.0,0.0,0.0,0.18535126121898726,0.24423170291956575,0.0,37.28833401105809,101.97540055967876,0.0,1.0,0.0,0.0,0.0,0.0,0.0,1.0,0.0,0.0,0.0,0.0,1.0,1.0,1131.3138099158186,66.60053560036255,642.3585523931539,197.38365482506708,204.2195807782681,126.94585682235487,0.0,5.941153842860777,19.09349824043935,288.36014577899243,53226.47731454773,0.0,37.64371772483197,0
189.64296596805224,40831.64169701722,8.2,62.09152258755568,22.147934232976027,28.273356574729625,0.33386458106465844,0.0,0.0,0.0,0.0,1.0,0.0,0.0,0.1520278246470806,1.4404287236937323,0.00650508786364401,1.5616663775895812,7.017638637334331,0.0,1.0,0.0,0.0,0.0,0.0,0.0,1.0,0.0,0.0,0.0,0.0,1.0,1.0,16614.609469772575,50.124130717229136,2958.1462360731034,1062.163791270736,1243.9435556535573,1517.7256138814557,166516213.4239538,13.215093506588323,46.028298324607405,1767.5112961725763,1555842.9161184672,0.0,245.80662695843347,0
0.37763644156305975,91.09059568869115,6.0,63.83978335849092,5.5202143424284165,3.364052611060436,0.0,0.0,1.0,0.0,0.0,0.0,0.0,0.0,0.22464585266039372,1.068044450325369,0.150492330316081,0.0,0.3764308561869938,0.0,0.0,0.0,0.0,0.0,0.0,0.0,1.0,0.0,0.0,0.0,0.0,1.0,1.0,581.5515703152729,53.682138719766044,54.522251345873485,50.316824921312914,0.8058117586887428,43.78106733246499,83092478.23178221,9.978817447040296,10.700436737028568,0.0,0.0,4.846308110314322,140.13943754765683,1
0.0,0.0,47.0,64.37410960280133,20.104202725479368,15.413060164634896,0.1741793446616986,0.0,0.0,0.0,0.0,0.0,0.0,0.0,0.3407184354229409,0.148128393221868,0.0,0.042375086988997945,0.0,0.0,0.0,0.0,0.0,0.0,0.0,0.0,0.0,0.0,0.0,0.0,0.0,1.0,1.0,6192.381916551729,591.4432260725721,587.6991563706684,588.8284733808765,0.6075823236655746,575.7349939872602,83680909.77841981,9.802505589507927,34.33150388896744,0.8369210523657156,0.0,0.17148345453016667,140.5637526291514,1
0.5571062174008632,28387.60554987636,6.0,64.03338303900611,55.48142127579333,61.800833735827126,0.4705947882556585,0.0,0.0,0.0,0.0,1.0,0.0,0.0,0.19593367945557205,0.3220382175633554,0.0,1.6280891752299542,31.000999136515297,0.0,1.0,0.0,0.0,0.0,0.0,0.0,1.0,0.0,0.0,0.0,0.0,1.0,1.0,7349.568117775659,500.44240057657055,1512.3522154788482,1356.0123788466162,361.9129974257258,1333.4156776693958,529.3436359737668,5.643122577955191,52.26460841548205,510.55598245012317,190174.36334094373,4.8371331033737635,40.016397184531094,0
0.0,10.899190212474863,1.0,63.666458250450205,43.49844899088576,45.28996954907989,0.2241684568285245,0.0,0.0,0.0,0.0,0.0,0.0,0.0,0.31593865834404855,0.47662567652465193,0.0,0.0,0.0,0.0,0.0,0.0,0.0,0.0,0.0,0.0,0.0,0.0,0.0,0.0,1.0,1.0,1.0,422.9700267732372,42.97352798993754,40.80875963006356,45.67996654075603,0.4101957402280161,87.10937434985804,83124345.55634245,9.712659917547603,8.705496524200832,0.0,4.6798053871241585,1.9935609667536136,142.89542184269317,1
0.416568877561318,17.557458950527803,6.0,64.47696893815828,3.9202080669752415,2.5171900549675716,0.0,1.0,0.0,1.0,0.0,0.0,0.0,0.0,1.4846112801466824,0.0,1.420749319734341,0.0,0.0,0.0,0.0,0.0,0.0,0.0,0.0,0.0,1.0,0.0,0.0,0.0,0.0,1.0,1.0,573.335601370083,54.216599260562624,51.05336108618461,49.72974108938327,1.973587904753852,33.58691299160843,83344895.88632196,9.770907594076574,10.006182647431235,0.16844549832198474,5.51263999098903,3.19384792599436,142.08564121739917,1
0.14951587503489328,6811.864056738365,17.0,64.3611917175575,7845.409381331975,7836.713606373219,0.12116968192733113,0.0,0.0,0.0,0.0,0.0,0.0,0.0,0.08072423012906171,0.0,0.2518941212261163,0.0,0.12569720122759798,0.0,0.0,0.0,0.0,0.0,0.0,0.0,0.0,1.0,0.0,0.0,0.0,1.0,1.0,569.1630822487335,50.788402602806094,50.656885056886374,52.19628565640825,0.8238664751021894,38.82538875663564,83103705.52267411,9.908518525557891,9.870261085271892,0.0,0.10351463594001586,0.0,140.3285293266095,1
0.0,86.74238480725015,6.0,64.39156553415746,1.9185077565380433,2.889594211751652,0.39797251612175655,1.0,0.0,1.0,0.0,0.0,0.0,0.0,0.7405447034363192,0.0,1.001182327216697,0.3708384352102422,0.0,0.0,0.0,0.0,0.0,0.0,0.0,0.0,1.0,0.0,0.0,0.0,0.0,1.0,1.0,532.1490612633366,54.02520118302983,49.908315609719075,58.671172365143605,0.0,6.515569849968649,83344939.7921038,9.456482195722996,9.964396594336677,0.0,0.0,3.040440048718132,142.4610227865274,1
0.1643657938749945,47.968209202130026,6.0,64.00758538536395,8.75436611528742,3.846238237492428,0.46218486943510384,0.0,1.0,0.0,0.0,0.0,0.0,0.0,0.22286282490310383,1.0292441800105516,0.0,0.23654421448097673,0.305672003205114,1.0,0.0,0.0,0.0,0.0,0.0,0.0,1.0,0.0,0.0,0.0,0.0,1.0,1.0,531.7805369642117,53.120716057927346,49.99106366851102,50.06585638163813,1.136587301826415,87.27538291225783,83093729.93123037,9.028408365895025,10.134020080653661,0.0,1.2178136169821112,0.0,141.2287989286348,1
0.1690417996769099,21.840496814345315,47.0,63.81750272677356,20.072964917198764,15.614681232404784,0.0,0.0,0.0,0.0,0.0,0.0,0.0,0.0,0.18275398358095896,0.02259925746055158,0.0,0.4223319387554071,0.1764088088308563,0.0,0.0,0.0,0.0,0.0,0.0,0.0,0.0,0.0,0.0,0.0,0.0,1.0,1.0,6242.030957729358,591.2080174678268,595.4445318881792,595.043952045779,0.2692540695220109,632.5944343417668,83681199.81163414,9.648323182237492,34.29228508578011,0.0,0.21698105763777953,4.406460343039711,142.9121323768924,1
0.0,31.99808331492325,6.0,63.914187781727875,6.731503032701143,7.296667942200406,0.42247128958321567,0.0,1.0,0.0,0.0,0.0,0.0,0.0,0.0,0.8262474827528118,0.19247607452126392,0.0,0.0,1.0,0.0,0.0,0.0,0.0,0.0,0.0,1.0,0.0,0.0,0.0,0.0,1.0,1.0,577.7751933205689,53.86228754549685,55.771180623934924,55.905171064675535,0.23379580378147402,24.572871072853893,83094150.3966308,9.236639251974626,10.532290971962631,2.0694238863078818,4.128606879152503,4.907931767988654,142.06077955576586,1
0.0,83.77663356055538,6.0,64.00314729416266,5.997260544667317,3.903861972626901,0.1382298521064783,0.0,1.0,0.0,0.0,0.0,0.0,0.0,0.0,1.4238610804319136,0.0,0.13972514290362525,0.2998292037721503,0.0,0.0,0.0,0.0,0.0,0.0,0.0,1.0,0.0,0.0,0.0,0.0,1.0,1.0,577.3537502799737,53.89521421745102,51.799239718803925,52.936231473983426,0.5402090763293019,98.77343052756225,83093706.14656194,9.059189014489915,9.931847724902196,2.7952747064082075,9.792549013393838,0.0,142.82059967371407,1
0.0,93.85493380219145,6.0,64.06675881512483,0.7962306710159175,4.313881500351306,0.0,0.0,1.0,0.0,0.0,0.0,0.0,0.0,0.0,0.7730927007679,0.0,0.23714462371304568,0.0,0.0,0.0,0.0,0.0,0.0,0.0,0.0,1.0,0.0,0.0,0.0,0.0,1.0,1.0,583.928569741485,53.18771131883441,51.56512704120879,52.38740616510212,1.571888790386693,38.22337296804564,83092990.73772964,9.828744546444774,10.36464285204908,0.0,0.7918160476716487,0.964455667915316,143.33269279836023,1
0.0,7.9993180912929915,6.0,63.91752800994798,3.047071008920497,4.551237912567275,0.3527426561367125,0.0,1.0,0.0,0.0,0.0,0.0,0.0,0.004612230792291561,0.7267114625311719,0.0,0.3298888673511864,0.39625773559864674,1.0,0.0,0.0,0.0,0.0,0.0,0.0,1.0,0.0,0.0,0.0,0.0,1.0,1.0,538.6154121423655,54.35808389964521,53.153819472099784,56.77404896566121,0.0,66.23118894384625,83093741.40011583,9.353570729329045,10.605769669281475,0.0,0.0,1.8355839253001704,141.8938108416674,1
0.0,19.474466818217948,6.0,64.34980626406055,6.296693400905011,0.0,0.0,0.0,1.0,0.0,0.0,0.0,0.0,0.0,0.0,1.3551405409440118,0.32016133556186777,0.09157906941706584,0.0,0.0,0.0,0.0,0.0,0.0,0.0,0.0,1.0,0.0,0.0,0.0,0.0,1.0,1.0,604.2869551346952,54.14980904910537,55.81113337572177,57.51555965284373,0.0,24.16952083982172,83093242.46253921,9.47530424199323,10.645223794504536,0.0,0.0,4.628132314765171,142.19124584544767,1
0.0,14.773788199637039,1.0,63.9835255784088,45.16352474966732,44.99872844211551,0.07885161035421495,0.0,0.0,0.0,0.0,0.0,0.0,0.0,0.0,0.0,0.0772681352644311,0.0,0.1438070452194372,0.0,0.0,0.0,0.0,0.0,0.0,0.0,0.0,0.0,0.0,0.0,1.0,1.0,1.0,489.286438540842,42.81344240775653,45.14681792331631,42.428381540188255,0.0,9.74931339152105,83124193.45044881,9.940561228653568,9.326375659002917,0.0,4.061872699122887,4.500256921686809,140.17619764479792,1
27.309898778269936,2232926.4455202785,6.0,114.66114372297018,82.85941165113418,77.24165955860407,0.18013028398218656,0.0,0.0,0.0,0.0,1.0,0.0,0.0,0.0,2.096867277619289,0.2600611020013375,76.75091672730618,2188.575169976838,0.0,1.0,0.0,0.0,0.0,0.0,0.0,1.0,0.0,0.0,0.0,0.0,1.0,1.0,11876.843998672111,65.02041524930833,1510.455786337957,759.4909387476958,713.8241754183132,1115.204848999556,166526855.26941508,13.75070197241106,39.270230633562235,1014.2583569141973,511302.47105375025,3.6084918746972967,243.56137645291642,0
0.0,0.0,1.0,63.927002752971035,44.065568262443804,42.862827802923235,0.0,0.0,0.0,0.0,0.0,0.0,0.0,0.0,0.0,0.0,0.0,0.13807635765353865,0.10516485404960108,0.0,0.0,0.0,0.0,0.0,0.0,0.0,0.0,0.0,0.0,0.0,1.0,1.0,1.0,403.2783807322335,42.916525079434145,46.9965311590776,46.47952821763982,0.6967240531503274,10.104936350245303,83124467.43120492,9.677105399159824,8.750693045274089,0.0,3.9359905913862825,0.6158998119175365,141.559741122497,1
35.05608588731993,30299.335365273517,6.0,148.39051667551294,8.13852666603642,5.650179894066321,0.29168789082250846,0.0,0.0,0.0,0.0,1.0,0.0,0.0,0.0,0.1983422751897047,0.1148621245329784,37.46267402620368,101.92193915269782,0.0,1.0,0.0,0.0,0.0,0.0,0.0,1.0,0.0,0.0,0.0,0.0,1.0,1.0,1154.001399091455,66.83750386780031,640.9780695514796,197.58240144471634,206.79720222165454,202.67752301635193,0.0,5.395780746584232,19.868165570489474,288.15399347992667,53211.78043034021,0.0,36.70158152540878,0
73.2315986873122,3303260.561485902,7.1,62.62191417050163,44.12721180996397,41.351369171421695,0.4707778968985318,0.0,0.0,0.0,0.0,1.0,0.0,0.0,0.47711381984866474,0.15189990597924474,0.39388855771508247,288.6130944086361,3512.3942497829157,0.0,1.0,0.0,0.0,0.0,0.0,0.0,1.0,0.0,0.0,0.0,0.0,1.0,1.0,17571.82041188414,65.96727403331502,1510.8820231282211,1150.9794872985406,610.9453716532391,646.8433855148974,166518218.22573963,13.221944613775074,48.31507667636006,859.7365634046957,374902.56824403297,2.1005463951738452,246.36690355660704,0
0.0,204517.87048609703,17.0,64.05854224516274,2657.378519571585,2662.3620088817165,0.0,0.0,0.0,0.0,0.0,0.0,0.0,0.0,0.0,0.005567783957857064,0.0,0.0,0.0,0.0,0.0,0.0,0.0,0.0,0.0,0.0,0.0,1.0,0.0,0.0,0.0,1.0,1.0,5863.89778627871,553.612432597817,557.3718976388923,556.4036348195392,0.0,594.6927719171283,83785741.40013097,9.205210622182198,33.317601533459275,4.0676604631562405,0.0,4.137920491961701,141.5901030960438,1
0.068172166866732,0.0,1.0,63.50782929127295,41.076419605797525,42.17580311476816,0.30139893478762125,0.0,0.0,0.0,0.0,0.0,0.0,0.0,0.0,0.0,0.20742470026978144,0.044032983516434365,0.0,0.0,0.0,0.0,0.0,0.0,0.0,0.0,0.0,0.0,0.0,0.0,1.0,1.0,1.0,474.361611600669,41.08801763973868,43.04289148682716,37.38061378571245,0.58474386681671,7.4467104693501796,83124519.19119248,9.036403299045487,8.971617692462646,1.2991938209298768,1.8926010293856557,0.0,142.88978576017982,1
0.41202411802273886,57.42347224902382,6.0,63.53496158253909,0.9690818115017793,0.0,0.0,1.0,0.0,1.0,0.0,0.0,0.0,0.0,0.8207584993473108,0.09174049088085279,1.3695143077150949,0.0,0.48002104740694707,0.0,0.0,0.0,0.0,0.0,0.0,0.0,1.0,0.0,0.0,0.0,0.0,1.0,1.0,531.7564331227998,53.45422880873851,52.87350702064083,55.547715063498586,0.0,27.268936362476246,83345189.4285975,9.143031748601631,10.806230337029614,3.2756915586431994,2.549524946630049,0.0,141.41531742784434,1
189.8807146532837,40755.47308813029,8.2,62.10889306108906,23.75225123581524,28.63031275015523,0.461728308624332,0.0,0.0,0.0,0.0,1.0,0.0,0.0,0.3249159198989949,1.2760433586664548,0.2888973985299397,1.326796937737219,7.174263505538121,0.0,1.0,0.0,0.0,0.0,0.0,0.0,1.0,0.0,0.0,0.0,0.0,1.0,1.0,16588.551758007907,50.3852324670695,2964.3643677775817,1055.9164528860942,1246.1561541143121,1562.293099233361,166517740.21054536,13.169259308171283,45.54472691836533,1760.2089694936199,1555836.704274248,0.0,245.21384987902098,0
0.314404085932657,92.19382061342989,6.0,63.60322039737189,24.043538351406006,18.68980397278419,0.0,0.0,0.0,0.0,1.0,1.0,0.0,0.0,0.13056116526852113,0.0,0.02605570833892923,1.4433165073858047,1.1971032760184617,0.0,0.0,0.0,0.0,0.0,0.0,0.0,1.0,0.0,0.0,0.0,0.0,1.0,1.0,568.5562830676423,53.85362902813273,53.91870832649682,49.17430073735314,1.3209546957108191,21.77595127393549,83332098.37780237,9.20412871767239,10.254639465822464,0.0,0.0,2.9546562560726866,143.53135308565126,1
73.189898681822,3303242.2855615453,7.1,62.1851332676618,40.03141985386389,38.80650324992751,0.07758852425140883,0.0,0.0,0.0,0.0,1.0,0.0,0.0,0.4525936584100402,0.2819733070687642,0.34606363652583993,288.7087252425748,3512.4556891858288,0.0,1.0,0.0,0.0,0.0,0.0,0.0,1.0,0.0,0.0,0.0,0.0,1.0,1.0,17603.892709327167,67.40799202776893,1514.8292502851418,1148.7795496107503,609.4910933243001,651.1736673570817,166517015.22471008,13.06597911639292,47.92094967140529,859.6492666256461,374899.83110727137,0.0,246.059781705542,0
0.0,91.85141200806451,6.0,63.622091145842894,20.315826035723752,25.67405822183705,0.0,0.0,0.0,0.0,1.0,1.0,0.0,0.0,0.0,0.0,0.0,0.7128536969755197,0.9069028488821692,0.0,0.0,0.0,0.0,0.0,0.0,0.0,1.0,0.0,0.0,0.0,0.0,1.0,1.0,576.6191732502397,54.37680655910813,50.75439932837104,49.358839344035246,0.9129480240072887,22.86225169299661,83330756.80574164,9.12520189754923,10.55661913488022,0.0,6.389689605952931,0.8480001295678807,139.95733156015572,1
0.3218243268699832,74.51097198174429,6.0,63.64440154417398,18.83351756637907,24.251736334738926,0.0,0.0,0.0,0.0,1.0,1.0,0.0,0.0,0.0,0.35673482817072555,0.0,1.1612790454075912,1.0852354576518528,0.0,0.0,0.0,0.0,0.0,0.0,0.0,1.0,0.0,0.0,0.0,0.0,1.0,1.0,601.6599460910135,54.226855813444864,50.72869141791865,57.918322671276755,0.0,95.18598862421457,83330648.2185279,9.917723452715245,10.045352607302316,0.0,5.557320020897352,4.11258345227168,140.18532590370884,1
35.41490808528355,30349.88276242593,6.0,148.47331193368004,8.220700503612697,11.5161231656665,0.0,0.0,0.0,0.0,0.0,1.0,0.0,0.0,0.12246805859610832,0.7982134923316936,0.48035572850038,37.675813528357196,101.02173185340696,0.0,1.0,0.0,0.0,0.0,0.0,0.0,1.0,0.0,0.0,0.0,0.0,1.0,1.0,1150.9849387174086,65.95610506490813,637.5062146305836,199.96147886175214,206.59237902097325,165.118412632647,732.3653968057897,5.3407442544701595,19.399996636672,290.67192286088283,53218.21584812312,4.246257043516257,39.99456237046255,0
34.72817774779561,30368.715058771133,6.0,149.21709727176614,10.10744483477109,3.4401933446653747,0.0,0.0,0.0,0.0,0.0,1.0,0.0,0.0,0.0,0.7453712205696555,0.0,37.17918479183487,101.10510926194492,0.0,1.0,0.0,0.0,0.0,0.0,0.0,1.0,0.0,0.0,0.0,0.0,1.0,1.0,1112.7610879653687,65.19002772621882,645.4034614390791,192.24817655218345,206.6535633726023,139.35210725534773,301.84372394100916,5.24286183407714,19.125557796380168,291.1925098950432,53214.183925872225,0.0,36.54121393193592,0
0.0,6802.983655287996,17.0,64.46796542446725,7845.016930047117,7840.000051655325,0.22340174472043373,0.0,0.0,0.0,0.0,0.0,0.0,0.0,0.0,0.20003187722308302,0.32852311598548234,0.0,0.0,0.0,0.0,0.0,0.0,0.0,0.0,0.0,0.0,1.0,0.0,0.0,0.0,1.0,1.0,531.8597837078036,50.526435160387564,46.45318908835475,46.59168990789406,0.0,66.44070447090607,83102896.7990431,9.144133758468783,10.484673791659805,0.35584613920476116,0.0,3.6697745319152286,143.29382754882735,1
0.0,56.439492921469935,6.0,64.01236051614997,0.0,3.9014773747337155,0.0,1.0,0.0,1.0,0.0,0.0,0.0,0.0,0.6034323327715833,0.0,1.2381309981747988,0.08040075332094543,0.3236776777768303,0.0,0.0,0.0,0.0,0.0,0.0,0.0,1.0,0.0,0.0,0.0,0.0,1.0,1.0,548.9773318380132,53.14463165491814,49.66901072594012,57.84288061698928,0.0,31.187777943258173,83344916.87542021,9.020040479577347,10.275216940811719,0.0,7.875935077039461,0.0,142.95780329504896,1
0.1974108794582592,29.168738162910245,47.0,63.794456094804225,21.379590261995666,24.45418756212259,0.11423958113258692,0.0,0.0,0.0,0.0,0.0,0.0,0.0,0.0,0.1871614166103921,0.16527076592865186,0.0,0.0,0.0,0.0,0.0,0.0,0.0,0.0,0.0,0.0,0.0,0.0,0.0,0.0,1.0,1.0,6230.366228321032,591.7965271312297,588.0540796179797,592.4773142084764,1.6760765153459647,606.1236789618638,83680796.92028654,9.51206578194414,34.376626391887626,3.34353122426686,6.76930914705634,0.0,142.55307817956077,1
73.05093790626246,3303251.712753759,7.1,61.988176501400915,37.854103204039895,43.51761273581246,0.0,0.0,0.0,0.0,0.0,1.0,0.0,0.0,0.5159277314953679,0.769320208073162,0.0,288.4597138320991,3512.4984268437547,0.0,1.0,0.0,0.0,0.0,0.0,0.0,1.0,0.0,0.0,0.0,0.0,1.0,1.0,17656.122706275226,67.20018559749397,1512.85359094654,1147.9787918961613,610.2919028460794,696.8775559368177,166517217.30966488,13.228863291651297,48.38776598099484,859.200580324834,374904.74115128256,5.841540131458183,245.68453048269376,0
