flow_duration,Header_Length,Protocol Type,Duration,Rate,Srate,Drate,fin_flag_number,syn_flag_number,rst_flag_number,psh_flag_number,ack_flag_number,ece_flag_number,cwr_flag_number,ack_count,syn_count,fin_count,urg_count,rst_count,HTTP,HTTPS,DNS,Telnet,SMTP,SSH,IRC,TCP,UDP,DHCP,ARP,ICMP,IPv,LLC,Tot sum,Min,Max,AVG,Std,Tot size,IAT,Number,Magnitue,Radius,Covariance,Variance,Weight,label,is_attack
0.0,0.0,0.98,62.72,2.2085908695024865,2.2085908695024865,0.0,0.0,0.0,0.0,0.0,0.0,0.0,0.0,0.0,0.0,0.0,0.0,0.0,0.0,0.0,0.0,0.0,0.0,0.0,0.0,0.0,0.0,0.0,0.0,1.0,1.0,1.0,442.62,42.0,43.62,42.09801521620794,0.3850301395203,42.36,83482385.4325229,9.5,9.17485013497963,0.4903974984417296,1.508880536485857,0.08,141.55,DDoS-ICMP_Flood,1
0.0,54.0,6.0,64.0,17.508072999282028,17.508072999282028,0.0,0.0,0.0,0.0,1.0,1.0,0.0,0.0,0.0,0.0,0.0,1.0,1.0,0.0,0.0,0.0,0.0,0.0,0.0,0.0,1.0,0.0,0.0,0.0,0.0,1.0,1.0,567.0,54.0,54.0,54.0,0.0,54.0,83313919.26472187,9.5,10.392304845413264,0.0,0.0,0.0,141.55,DDoS-PSHACK_Flood,1
0.2867221117019653,69675.0,17.0,64.0,4859.802080396057,4859.802080396057,0.0,0.0,0.0,0.0,0.0,0.0,0.0,0.0,0.0,0.0,0.0,0.0,0.0,0.0,0.0,0.0,0.0,0.0,0.0,0.0,0.0,1.0,0.0,0.0,0.0,1.0,1.0,525.0,50.0,50.0,50.0,0.0,50.0,83015713.5090118,9.5,10.0,0.0,0.0,0.0,141.55,DoS-UDP_Flood,1
0.2679665660858154,64.93,6.11,64.37,13.80619642962174,13.80619642962174,0.0,0.0,1.0,0.0,0.0,0.0,0.0,0.0,0.0,1.1,0.0,0.01,0.01,0.0,0.0,0.0,0.0,0.0,0.0,0.0,1.0,0.0,0.0,0.0,0.0,1.0,1.0,592.35,54.0,79.35,55.548228451502055,6.052943367833091,57.6,83365449.71934007,9.5,10.53184619475526,8.587402187794577,401.60856073977743,0.11,141.55,DDoS-SynonymousIP_Flood,1
2.409532918930054,73.98,6.0,64.0,0.3070983211467345,0.3070983211467345,0.0,0.0,0.0,0.0,0.0,0.0,0.0,0.0,0.0,0.0,0.0,0.0,0.0,0.0,0.0,0.0,0.0,0.0,0.0,0.0,1.0,0.0,0.0,0.0,0.0,1.0,1.0,567.0,54.0,54.0,54.0,0.0,54.0,82951255.26674713,9.5,10.392304845413264,0.0,0.0,0.0,141.55,DoS-TCP_Flood,1
0.0,0.0,1.0,64.0,11.039109144767924,11.039109144767924,0.0,0.0,0.0,0.0,0.0,0.0,0.0,0.0,0.0,0.0,0.0,0.0,0.0,0.0,0.0,0.0,0.0,0.0,0.0,0.0,0.0,0.0,0.0,0.0,1.0,1.0,1.0,441.0,42.0,42.0,42.0,0.0,42.0,83132283.63515969,9.5,9.16515138991168,0.0,0.0,0.0,141.55,DDoS-ICMP_Flood,1
0.0,0.0,1.0,64.0,13.631966822834649,13.631966822834649,0.0,0.0,0.0,0.0,0.0,0.0,0.0,0.0,0.0,0.0,0.0,0.0,0.0,0.0,0.0,0.0,0.0,0.0,0.0,0.0,0.0,0.0,0.0,0.0,1.0,1.0,1.0,441.0,42.0,42.0,42.0,0.0,42.0,83150638.11754909,9.5,9.16515138991168,0.0,0.0,0.0,141.55,DDoS-ICMP_Flood,1
0.0,54.0,6.0,64.0,12.35210064730447,12.35210064730447,0.0,0.0,1.0,0.0,0.0,0.0,0.0,0.0,0.0,1.0,0.0,0.0,0.0,0.0,0.0,0.0,0.0,0.0,0.0,0.0,1.0,0.0,0.0,0.0,0.0,1.0,1.0,567.0,54.0,54.0,54.0,0.0,54.0,83089293.7225015,9.5,10.392304845413264,0.0,0.0,0.0,141.55,DDoS-SYN_Flood,1
0.0657246112823486,27772.0,17.0,64.0,14722.466381954884,14722.466381954884,0.0,0.0,0.0,0.0,0.0,0.0,0.0,0.0,0.0,0.0,0.0,0.0,0.0,0.0,0.0,0.0,0.0,0.0,0.0,0.0,0.0,1.0,0.0,0.0,0.0,1.0,1.0,525.0,50.0,50.0,50.0,0.0,50.0,83123832.37372099,9.5,10.0,0.0,0.0,0.0,141.55,DDoS-UDP_Flood,1
0.0803436303138732,23069.92,16.89,64.0,5716.900001754879,5716.900001754879,0.0,0.0,0.0,0.0,0.0,0.0,0.0,0.0,0.0,0.0,0.0,0.01,0.02,0.0,0.0,0.0,0.0,0.0,0.0,0.0,0.0,1.0,0.0,0.0,0.0,1.0,1.0,542.6,50.0,67.6,51.17703766958876,4.373558763157087,51.76,83487412.03392725,9.5,10.1117281771919,6.198467160115392,193.51865277217868,0.1,141.55,DDoS-UDP_Flood,1
0.0,54.0,6.0,64.0,39.352097875853794,39.352097875853794,0.0,0.0,0.0,0.0,0.0,0.0,0.0,0.0,0.0,0.0,0.0,0.0,0.0,0.0,0.0,0.0,0.0,0.0,0.0,0.0,1.0,0.0,0.0,0.0,0.0,1.0,1.0,567.0,54.0,54.0,54.0,0.0,54.0,83033387.98732124,9.5,10.392304845413264,0.0,0.0,0.0,141.55,DDoS-TCP_Flood,1
0.0,162.0,17.0,64.0,0.4005493067771391,0.4005493067771391,0.0,0.0,0.0,0.0,0.0,0.0,0.0,0.0,0.0,0.0,0.0,0.0,0.0,0.0,0.0,0.0,0.0,0.0,0.0,0.0,0.0,1.0,0.0,0.0,0.0,1.0,1.0,1701.0,162.0,162.0,162.0,0.0,162.0,83007875.72364666,9.5,18.0,0.0,0.0,0.0,141.55,DoS-UDP_Flood,1
0.0,54.0,6.0,64.0,48.08630602640312,48.08630602640312,0.0,0.0,1.0,0.0,0.0,0.0,0.0,0.0,0.0,1.0,0.0,0.0,0.0,0.0,0.0,0.0,0.0,0.0,0.0,0.0,1.0,0.0,0.0,0.0,0.0,1.0,1.0,567.0,54.0,54.0,54.0,0.0,54.0,83088898.62757632,9.5,10.392304845413264,0.0,0.0,0.0,141.55,DDoS-SYN_Flood,1
5.130472815036773,108.0,6.0,64.0,0.3898276221810406,0.3898276221810406,0.0,0.0,0.0,0.0,0.0,0.0,0.0,0.0,0.0,0.0,0.0,0.0,0.0,0.0,0.0,0.0,0.0,0.0,0.0,0.0,1.0,0.0,0.0,0.0,0.0,1.0,1.0,567.0,54.0,54.0,54.0,0.0,54.0,82946971.55455449,9.5,10.392304845413264,0.0,0.0,0.0,141.55,DoS-TCP_Flood,1
5.699742901325226,108.0,6.0,64.0,0.3508930395191878,0.3508930395191878,0.0,1.0,0.0,1.0,0.0,0.0,0.0,0.0,2.0,0.0,2.0,0.0,0.0,0.0,0.0,0.0,0.0,0.0,0.0,0.0,1.0,0.0,0.0,0.0,0.0,1.0,1.0,567.0,54.0,54.0,54.0,0.0,54.0,83344781.29422629,9.5,10.392304845413264,0.0,0.0,0.0,141.55,DDoS-RSTFINFlood,1
0.0306170797348022,1.74,1.05,65.91,0.9890743981782754,0.9890743981782754,0.0,0.0,0.0,0.0,0.0,0.0,0.0,0.0,0.0,0.03,0.0,0.0,0.01,0.0,0.0,0.0,0.0,0.0,0.0,0.0,0.0,0.0,0.0,0.0,1.0,1.0,1.0,443.24,42.0,44.24,42.18363834514299,0.6047827632796686,42.16,83483222.96393467,9.5,9.185062539370325,0.8565029898853064,2.676036602788922,0.14,141.55,DDoS-ICMP_Flood,1
0.0,54.0,6.0,64.0,21.95097238795035,21.95097238795035,0.0,1.0,0.0,1.0,0.0,0.0,0.0,0.0,1.0,0.0,1.0,0.0,0.0,0.0,0.0,0.0,0.0,0.0,0.0,0.0,1.0,0.0,0.0,0.0,0.0,1.0,1.0,567.0,54.0,54.0,54.0,0.0,54.0,83349147.0199183,9.5,10.392304845413264,0.0,0.0,0.0,141.55,DDoS-RSTFINFlood,1
6.187408292293549,225.84,6.0,64.0,0.6600488805911717,0.6600488805911717,0.0,0.0,0.0,1.0,0.0,0.0,0.0,0.0,0.0,3.11,0.99,0.0,1.11,0.0,0.0,0.0,0.0,0.0,0.0,0.0,1.0,0.0,0.0,0.0,0.0,1.0,1.0,570.12,54.0,54.48,54.1984375954283,0.2236385462311499,54.48,82972624.14463137,9.5,10.411157722952762,0.3164893241471749,0.4229425847594706,0.12,141.55,DoS-SYN_Flood,1
0.0,54.0,6.0,64.0,2.739360331050627,2.739360331050627,0.0,0.0,0.0,0.0,0.0,0.0,0.0,0.0,0.0,0.0,0.0,0.0,0.0,0.0,0.0,0.0,0.0,0.0,0.0,0.0,1.0,0.0,0.0,0.0,0.0,1.0,1.0,567.0,54.0,54.0,54.0,0.0,54.0,83033939.89913534,9.5,10.392304845413264,0.0,0.0,0.0,141.55,DDoS-TCP_Flood,1
0.0,54.0,6.0,64.0,1.730208513378443,1.730208513378443,0.0,1.0,0.0,1.0,0.0,0.0,0.0,0.0,1.0,0.0,1.0,0.0,0.0,0.0,0.0,0.0,0.0,0.0,0.0,0.0,1.0,0.0,0.0,0.0,0.0,1.0,1.0,567.0,54.0,54.0,54.0,0.0,54.0,83349384.89522763,9.5,10.392304845413264,0.0,0.0,0.0,141.55,DDoS-RSTFINFlood,1
0.0,53.92,6.11,64.0,18.114829502314503,18.114829502314503,0.0,0.0,0.0,0.0,0.0,0.0,0.0,0.0,0.0,0.0,0.0,0.0,0.0,0.0,0.0,0.0,0.0,0.0,0.0,0.0,1.0,0.0,0.0,0.0,0.0,1.0,1.0,565.72,52.72,54.0,53.87884749409517,0.3642056213398315,53.92,83067516.80175096,9.5,10.38057691107342,0.5156700310741705,0.8602980395861195,0.16,141.55,DDoS-TCP_Flood,1
0.0,54.0,6.0,64.0,2.7666266895878544,2.7666266895878544,0.0,0.0,1.0,0.0,0.0,0.0,0.0,0.0,0.0,1.0,0.0,0.0,0.0,0.0,0.0,0.0,0.0,0.0,0.0,0.0,1.0,0.0,0.0,0.0,0.0,1.0,1.0,567.0,54.0,54.0,54.0,0.0,54.0,82981157.82757904,9.5,10.392304845413264,0.0,0.0,0.0,141.55,DoS-SYN_Flood,1
0.0,54.0,6.0,64.0,19.9428100302116,19.9428100302116,0.0,0.0,0.0,0.0,0.0,0.0,0.0,0.0,0.0,0.0,0.0,0.0,0.0,0.0,0.0,0.0,0.0,0.0,0.0,0.0,1.0,0.0,0.0,0.0,0.0,1.0,1.0,567.0,54.0,54.0,54.0,0.0,54.0,82943151.13357538,9.5,10.392304845413264,0.0,0.0,0.0,141.55,DoS-TCP_Flood,1
0.0,54.0,6.0,64.0,1.2897812081981583,1.2897812081981583,0.0,0.0,0.0,0.0,1.0,1.0,0.0,0.0,0.0,0.0,0.0,1.0,1.0,0.0,0.0,0.0,0.0,0.0,0.0,0.0,1.0,0.0,0.0,0.0,0.0,1.0,1.0,567.0,54.0,54.0,54.0,0.0,54.0,83314421.09825869,9.5,10.392304845413264,0.0,0.0,0.0,141.55,DDoS-PSHACK_Flood,1
13.500428915023804,939876.7,6.0,114.1,70.0346802612547,70.0346802612547,0.0,0.0,0.0,0.0,0.0,1.0,0.0,0.0,0.0,0.0,0.0,49.5,945.5,0.0,1.0,0.0,0.0,0.0,0.0,0.0,1.0,0.0,0.0,0.0,0.0,1.0,1.0,16048.7,60.0,4699.6,978.7057633762006,1453.8995517044043,2286.5,166525308.2114637,13.5,43.55473343664713,2059.795486538309,2252996.242205818,1.0,244.6,BenignTraffic,0
490.3473554134369,34560.0,9.8,187.0,0.4879859445385008,0.4879859445385008,0.0,0.0,0.0,0.0,0.0,0.0,0.0,0.0,0.0,0.0,0.0,131.8,226.4,0.0,0.0,0.0,0.0,0.0,0.0,0.0,0.0,0.0,0.0,0.0,0.0,1.0,1.0,2615.9,58.0,357.8,168.40933554319778,117.84600286856116,176.5,166846750.6848945,13.5,18.33417880989755,166.98197525109293,13954.907422498913,1.0,244.6,Other_Attack,1
0.0,54.0,6.0,64.0,0.397562852842264,0.397562852842264,0.0,0.0,1.0,0.0,0.0,0.0,0.0,0.0,0.0,1.0,0.0,0.0,0.0,0.0,0.0,0.0,0.0,0.0,0.0,0.0,1.0,0.0,0.0,0.0,0.0,1.0,1.0,567.0,54.0,54.0,54.0,0.0,54.0,83090088.71899334,9.5,10.392304845413264,0.0,0.0,0.0,141.55,DDoS-SYN_Flood,1
0.0,0.0,1.0,64.0,15.008850047852292,15.008850047852292,0.0,0.0,0.0,0.0,0.0,0.0,0.0,0.0,0.0,0.0,0.0,0.0,0.0,0.0,0.0,0.0,0.0,0.0,0.0,0.0,0.0,0.0,0.0,0.0,1.0,1.0,1.0,441.0,42.0,42.0,42.0,0.0,42.0,83128160.53969535,9.5,9.16515138991168,0.0,0.0,0.0,141.55,DDoS-ICMP_Flood,1
0.0,54.0,6.0,64.0,20.19414633676618,20.19414633676618,0.0,0.0,0.0,0.0,0.0,0.0,0.0,0.0,0.0,0.0,0.0,0.0,0.0,0.0,0.0,0.0,0.0,0.0,0.0,0.0,1.0,0.0,0.0,0.0,0.0,1.0,1.0,567.0,54.0,54.0,54.0,0.0,54.0,82943401.93874511,9.5,10.392304845413264,0.0,0.0,0.0,141.55,DoS-TCP_Flood,1
0.0,1.51,44.3,63.35,2.030676976890693,2.030676976890693,0.0,0.0,0.0,0.0,0.0,0.0,0.0,0.0,0.01,0.0,0.01,0.01,0.02,0.0,0.0,0.0,0.0,0.0,0.0,0.0,0.0,0.0,0.0,0.0,0.0,1.0,1.0,5976.63,520.78,578.0,572.8891538527691,15.704997308561188,547.23,83573857.04559188,9.5,33.860139704257115,21.38002056988793,2147.4920447007376,0.11,141.55,Other_Attack,1
0.1512562870979309,29831.5,17.0,64.0,5114.7481195556575,5114.7481195556575,0.0,0.0,0.0,0.0,0.0,0.0,0.0,0.0,0.0,0.0,0.0,0.0,0.0,0.0,0.0,0.0,0.0,0.0,0.0,0.0,0.0,1.0,0.0,0.0,0.0,1.0,1.0,525.0,50.0,50.0,50.0,0.0,50.0,83106696.72238341,9.5,10.0,0.0,0.0,0.0,141.55,DDoS-UDP_Flood,1
0.0116454911231994,56.42,6.0,65.82,6.844891207560401,6.844891207560401,0.0,1.0,0.0,1.0,0.0,0.0,0.0,0.0,0.99,0.04,0.99,0.0,0.02,0.0,0.0,0.0,0.0,0.0,0.0,0.0,1.0,0.0,0.0,0.0,0.0,1.0,1.0,567.6,54.0,54.6,54.03163742690059,0.134060649818379,54.2,83340852.53782256,9.5,10.395384581822306,0.1911041438608542,0.6087685099688794,0.03,141.55,DDoS-RSTFINFlood,1
0.0,54.0,6.0,64.0,33.48785813802162,33.48785813802162,0.0,0.0,0.0,0.0,0.0,0.0,0.0,0.0,0.0,0.0,0.0,0.0,0.0,0.0,0.0,0.0,0.0,0.0,0.0,0.0,1.0,0.0,0.0,0.0,0.0,1.0,1.0,567.0,54.0,54.0,54.0,0.0,54.0,82947060.7583168,9.5,10.392304845413264,0.0,0.0,0.0,141.55,DoS-TCP_Flood,1
0.0,54.0,6.0,64.0,6.017497396050029,6.017497396050029,0.0,0.0,1.0,0.0,0.0,0.0,0.0,0.0,0.0,1.0,0.0,0.0,0.0,0.0,0.0,0.0,0.0,0.0,0.0,0.0,1.0,0.0,0.0,0.0,0.0,1.0,1.0,567.0,54.0,54.0,54.0,0.0,54.0,82973148.4671369,9.5,10.392304845413264,0.0,0.0,0.0,141.55,DoS-SYN_Flood,1
0.0,54.0,6.0,64.0,1.2397678288688705,1.2397678288688705,0.0,0.0,1.0,0.0,0.0,0.0,0.0,0.0,0.0,1.0,0.0,0.0,0.0,0.0,0.0,0.0,0.0,0.0,0.0,0.0,1.0,0.0,0.0,0.0,0.0,1.0,1.0,567.0,54.0,54.0,54.0,0.0,54.0,83089110.9610854,9.5,10.392304845413264,0.0,0.0,0.0,141.55,DDoS-SYN_Flood,1
0.0,0.0,1.0,64.0,1.3571123191672672,1.3571123191672672,0.0,0.0,0.0,0.0,0.0,0.0,0.0,0.0,0.0,0.0,0.0,0.0,0.0,0.0,0.0,0.0,0.0,0.0,0.0,0.0,0.0,0.0,0.0,0.0,1.0,1.0,1.0,441.0,42.0,42.0,42.0,0.0,42.0,83483207.07389843,9.5,9.16515138991168,0.0,0.0,0.0,141.55,DDoS-ICMP_Flood,1
0.0381546139717102,19275.0,17.0,64.0,16755.20120948924,16755.20120948924,0.0,0.0,0.0,0.0,0.0,0.0,0.0,0.0,0.0,0.0,0.0,0.0,0.0,0.0,0.0,0.0,0.0,0.0,0.0,0.0,0.0,1.0,0.0,0.0,0.0,1.0,1.0,525.0,50.0,50.0,50.0,0.0,50.0,83123606.49938145,9.5,10.0,0.0,0.0,0.0,141.55,DDoS-UDP_Flood,1
0.0,54.0,6.0,64.0,20.67758808536652,20.67758808536652,0.0,0.0,1.0,0.0,0.0,0.0,0.0,0.0,0.0,1.0,0.0,0.0,0.0,1.0,0.0,0.0,0.0,0.0,0.0,0.0,1.0,0.0,0.0,0.0,0.0,1.0,1.0,567.0,54.0,54.0,54.0,0.0,54.0,83090045.56264395,9.5,10.392304845413264,0.0,0.0,0.0,141.55,DDoS-SYN_Flood,1
0.0,54.0,6.0,64.0,1119.2272181454302,1119.2272181454302,0.0,0.0,1.0,0.0,0.0,0.0,0.0,0.0,0.0,1.0,0.0,0.0,0.0,0.0,0.0,0.0,0.0,0.0,0.0,0.0,1.0,0.0,0.0,0.0,0.0,1.0,1.0,567.0,54.0,54.0,54.0,0.0,54.0,83093512.69076271,9.5,10.392304845413264,0.0,0.0,0.0,141.55,DDoS-SYN_Flood,1
0.0,54.0,6.0,64.0,0.0,0.0,0.0,0.0,0.0,0.0,1.0,1.0,0.0,0.0,0.0,0.0,0.0,1.0,1.0,0.0,0.0,0.0,0.0,0.0,0.0,0.0,1.0,0.0,0.0,0.0,0.0,1.0,1.0,567.0,54.0,54.0,54.0,0.0,54.0,83314579.13996974,9.5,10.392304845413264,0.0,0.0,0.0,141.55,DDoS-PSHACK_Flood,1
1.1159627914428711,707452.6,6.0,215.2,480.72701539195486,480.72701539195486,0.0,0.0,0.0,0.0,0.0,1.0,0.0,0.0,0.0,0.2,0.0,9.3,570.8,0.0,1.0,0.0,0.0,0.0,0.0,0.0,1.0,0.0,0.0,0.0,0.0,1.0,1.0,352.2,55.2,66.0,63.68523809523808,4.166413103346633,64.8,0.0016690969467163,5.5,11.284951543668154,5.892197917201782,19.86048752834467,0.9,38.5,BenignTraffic,0
0.0,54.0,6.0,64.0,24.932110397137247,24.932110397137247,0.0,0.0,0.0,0.0,1.0,1.0,0.0,0.0,0.0,0.0,0.0,1.0,1.0,0.0,0.0,0.0,0.0,0.0,0.0,0.0,1.0,0.0,0.0,0.0,0.0,1.0,1.0,567.0,54.0,54.0,54.0,0.0,54.0,83314579.68987575,9.5,10.392304845413264,0.0,0.0,0.0,141.55,DDoS-PSHACK_Flood,1
3.0455519795417785,114.72,6.0,64.0,0.6886673564649526,0.6886673564649526,0.0,0.0,1.0,0.0,0.0,0.0,0.0,0.0,0.0,2.06,0.06,0.0,0.06,0.0,0.0,0.0,0.0,0.0,0.0,0.0,1.0,0.0,0.0,0.0,0.0,1.0,1.0,567.0,54.0,54.0,54.0,0.0,54.0,82985273.59578165,9.5,10.392304845413264,0.0,0.0,0.0,141.55,DoS-SYN_Flood,1
0.0,54.0,6.0,64.0,0.5219567779183238,0.5219567779183238,0.0,0.0,0.0,0.0,0.0,0.0,0.0,0.0,0.0,0.0,0.0,0.0,0.0,0.0,0.0,0.0,0.0,0.0,0.0,0.0,1.0,0.0,0.0,0.0,0.0,1.0,1.0,567.0,54.0,54.0,54.0,0.0,54.0,83075957.87203851,9.5,10.392304845413264,0.0,0.0,0.0,141.55,DDoS-TCP_Flood,1
0.0399999332427978,39175.0,17.0,64.0,19597.2463011425,19597.2463011425,0.0,0.0,0.0,0.0,0.0,0.0,0.0,0.0,0.0,0.0,0.0,0.0,0.0,0.0,0.0,0.0,0.0,0.0,0.0,0.0,0.0,1.0,0.0,0.0,0.0,1.0,1.0,525.0,50.0,50.0,50.0,0.0,50.0,83011484.41247731,9.5,10.0,0.0,0.0,0.0,141.55,DoS-UDP_Flood,1
0.0,54.0,6.0,64.0,16.62934783901548,16.62934783901548,0.0,0.0,1.0,0.0,0.0,0.0,0.0,0.0,0.0,1.0,0.0,0.0,0.0,0.0,0.0,0.0,0.0,0.0,0.0,0.0,1.0,0.0,0.0,0.0,0.0,1.0,1.0,567.0,54.0,54.0,54.0,0.0,54.0,82973050.73934814,9.5,10.392304845413264,0.0,0.0,0.0,141.55,DoS-SYN_Flood,1
0.0,54.0,6.0,64.0,20.06972055633534,20.06972055633534,0.0,0.0,0.0,0.0,0.0,0.0,0.0,0.0,0.0,0.0,0.0,0.0,0.0,1.0,0.0,0.0,0.0,0.0,0.0,0.0,1.0,0.0,0.0,0.0,0.0,1.0,1.0,567.0,54.0,54.0,54.0,0.0,54.0,83068400.46819526,9.5,10.392304845413264,0.0,0.0,0.0,141.55,DDoS-TCP_Flood,1
0.0,55.76,6.11,65.91,5.585873585154426,5.585873585154426,0.0,0.0,0.0,0.0,1.0,1.0,0.0,0.0,0.0,0.0,0.0,0.99,0.99,0.0,0.0,0.0,0.0,0.0,0.0,0.0,1.0,0.0,0.0,0.0,0.0,1.0,1.0,591.64,54.0,78.64,56.02002179657288,6.652610396076354,55.76,83313864.42819656,9.5,10.574592116038364,9.421532888738367,323.8004289374596,0.14,141.55,DDoS-PSHACK_Flood,1
0.6445380783081055,406259.28,16.52,64.0,1138.9947221754371,1138.9947221754371,0.0,0.0,0.0,0.0,0.0,0.0,0.0,0.0,0.0,0.0,0.0,0.0,0.0,0.0,0.0,0.0,0.0,0.0,0.0,0.0,0.0,1.0,0.0,0.0,0.0,1.0,1.0,5821.2,554.0,555.68,554.235955624355,0.5756168526375636,554.84,83784632.52504076,9.5,33.29377532182486,0.8170430649049181,5.658463620001258,0.06,141.55,Other_Attack,1
0.0791768860816955,34232.0,16.83,63.36,9263.75034007353,9263.75034007353,0.0,0.0,0.0,0.0,0.0,0.0,0.0,0.0,0.0,0.0,0.0,0.0,0.0,0.0,0.0,0.0,0.0,0.0,0.0,0.0,0.0,1.0,0.0,0.0,0.0,1.0,1.0,527.0,50.1,52.0,50.35977396571437,0.5956987489431146,50.1,83101913.09070492,9.5,10.035259567536588,0.8432021271976141,2.003937909075534,0.19,141.55,DDoS-UDP_Flood,1
0.0,2.3,46.7,65.91,1.2907577258860408,1.2907577258860408,0.0,0.0,0.0,0.0,0.0,0.0,0.0,0.0,0.0,0.0,0.0,0.0,0.0,0.0,0.0,0.0,0.0,0.0,0.0,0.0,0.0,0.0,0.0,0.0,0.0,1.0,1.0,6055.08,564.08,578.0,577.2448028895769,3.1514788362515604,574.52,83574018.42415291,9.5,33.977329603107385,4.483203443663186,251.35795131001183,0.04,141.55,Other_Attack,1
0.0544941234588623,246.62,16.62,65.91,3.206434426553616,3.206434426553616,0.0,0.0,0.0,0.0,0.0,0.0,0.0,0.0,0.0,0.0,0.0,0.23,0.33,0.0,0.0,0.0,0.0,0.0,0.0,0.0,0.0,1.0,0.0,0.0,0.0,1.0,1.0,1934.34,167.72,229.52,184.1481772960012,15.30810395289206,183.47,83007022.65082447,9.5,19.188095218239624,21.674422399125987,1468.9571764714824,0.17,141.55,DoS-UDP_Flood,1
13.364679169654844,475412.6,6.0,181.2,139.1689945370402,139.1689945370402,0.0,0.0,0.0,0.0,0.0,1.0,0.0,0.0,0.0,1.7,0.0,62.0,497.7,0.0,1.0,0.0,0.0,0.0,0.0,0.0,1.0,0.0,0.0,0.0,0.0,1.0,1.0,1416.8,66.0,230.0,91.73627456564762,55.61703692654485,77.8,166521369.4322038,13.5,13.552313012875183,78.80640306691126,3112.768357891364,1.0,244.6,BenignTraffic,0
3.3227278327941896,3420119.0,17.0,64.0,1857.9532624124504,1857.9532624124504,0.0,0.0,0.0,0.0,0.0,0.0,0.0,0.0,0.0,0.0,0.0,0.0,0.0,0.0,0.0,0.0,0.0,0.0,0.0,0.0,0.0,1.0,0.0,0.0,0.0,1.0,1.0,5817.0,554.0,554.0,554.0,0.0,554.0,83784936.16268843,9.5,33.28663395418648,0.0,0.0,0.0,141.55,Other_Attack,1
0.0,54.0,6.0,64.0,11.128426638365616,11.128426638365616,0.0,1.0,0.0,1.0,0.0,0.0,0.0,0.0,1.0,0.0,1.0,0.0,0.0,0.0,0.0,0.0,0.0,0.0,0.0,0.0,1.0,0.0,0.0,0.0,0.0,1.0,1.0,567.0,54.0,54.0,54.0,0.0,54.0,83344540.32905342,9.5,10.392304845413264,0.0,0.0,0.0,141.55,DDoS-RSTFINFlood,1
2.710171053409576,169.56,6.0,64.0,1.7306603434819463,1.7306603434819463,0.0,0.0,1.0,0.0,0.0,0.0,0.0,0.0,0.0,3.14,0.0,0.0,0.0,0.0,0.0,0.0,0.0,0.0,0.0,0.0,1.0,0.0,0.0,0.0,0.0,1.0,1.0,567.0,54.0,54.0,54.0,0.0,54.0,83362102.77386473,9.5,10.392304845413264,0.0,0.0,0.0,141.55,DDoS-SynonymousIP_Flood,1
0.0,160.38,16.84,64.0,5.163587250062506,5.163587250062506,0.0,0.0,0.0,0.0,0.0,0.0,0.0,0.0,0.0,0.0,0.0,0.0,0.0,0.0,0.0,0.0,0.0,0.0,0.0,0.0,0.0,1.0,0.0,0.0,0.0,1.0,1.0,1695.24,156.24,162.0,161.63016812014953,1.406397940920053,161.36,83007872.51229781,9.5,17.979223526619812,1.9937910572056217,22.204119374833542,0.09,141.55,DoS-UDP_Flood,1
0.4375714778900146,83.16,6.0,64.0,2.464468250628613,2.464468250628613,0.0,0.0,1.0,0.0,0.0,0.0,0.0,0.0,0.0,1.54,0.0,0.0,0.0,0.0,0.0,0.0,0.0,0.0,0.0,0.0,1.0,0.0,0.0,0.0,0.0,1.0,1.0,567.0,54.0,54.0,54.0,0.0,54.0,83362448.48764639,9.5,10.392304845413264,0.0,0.0,0.0,141.55,DDoS-SynonymousIP_Flood,1
4.203736267089844,108.0,6.0,64.0,0.4757673451485138,0.4757673451485138,0.0,0.0,0.0,0.0,0.0,0.0,0.0,0.0,0.0,0.0,0.0,0.0,0.0,0.0,1.0,0.0,0.0,0.0,0.0,0.0,1.0,0.0,0.0,0.0,0.0,1.0,1.0,567.0,54.0,54.0,54.0,0.0,54.0,82956096.10554987,9.5,10.392304845413264,0.0,0.0,0.0,141.55,DoS-TCP_Flood,1
0.0,0.0,1.0,64.0,0.9911657003068278,0.9911657003068278,0.0,0.0,0.0,0.0,0.0,0.0,0.0,0.0,0.0,0.0,0.0,0.0,0.0,0.0,0.0,0.0,0.0,0.0,0.0,0.0,0.0,0.0,0.0,0.0,1.0,1.0,1.0,441.0,42.0,42.0,42.0,0.0,42.0,83128862.51563047,9.5,9.16515138991168,0.0,0.0,0.0,141.55,DDoS-ICMP_Flood,1
0.0780172085762024,17125.0,17.0,64.0,4387.138038960074,4387.138038960074,0.0,0.0,0.0,0.0,0.0,0.0,0.0,0.0,0.0,0.0,0.0,0.0,0.0,0.0,0.0,0.0,0.0,0.0,0.0,0.0,0.0,1.0,0.0,0.0,0.0,1.0,1.0,525.0,50.0,50.0,50.0,0.0,50.0,83015841.8052542,9.5,10.0,0.0,0.0,0.0,141.55,DoS-UDP_Flood,1
0.0,54.0,6.0,64.0,39.844736487115526,39.844736487115526,0.0,0.0,0.0,0.0,0.0,0.0,0.0,0.0,0.0,0.0,0.0,0.0,0.0,0.0,0.0,0.0,0.0,0.0,0.0,0.0,1.0,0.0,0.0,0.0,0.0,1.0,1.0,567.0,54.0,54.0,54.0,0.0,54.0,83034136.90909858,9.5,10.392304845413264,0.0,0.0,0.0,141.55,DDoS-TCP_Flood,1
0.0027184391021728,4285.0,17.0,64.0,87136.3923948867,87136.3923948867,0.0,0.0,0.0,0.0,0.0,0.0,0.0,0.0,0.0,0.0,0.0,0.0,0.0,0.0,0.0,0.0,0.0,0.0,0.0,0.0,0.0,1.0,0.0,0.0,0.0,1.0,1.0,525.0,50.0,50.0,50.0,0.0,50.0,83106624.46888693,9.5,10.0,0.0,0.0,0.0,141.55,DDoS-UDP_Flood,1
0.0,54.0,6.0,64.0,43.81732612499673,43.81732612499673,0.0,0.0,1.0,0.0,0.0,0.0,0.0,0.0,0.0,1.0,0.0,0.0,0.0,0.0,0.0,0.0,0.0,0.0,0.0,0.0,1.0,0.0,0.0,0.0,0.0,1.0,1.0,567.0,54.0,54.0,54.0,0.0,54.0,83361248.78886636,9.5,10.392304845413264,0.0,0.0,0.0,141.55,DDoS-SynonymousIP_Flood,1
0.0,54.0,6.0,64.0,38.6443576324906,38.6443576324906,0.0,0.0,0.0,0.0,1.0,1.0,0.0,0.0,0.0,0.0,0.0,1.0,1.0,0.0,0.0,0.0,0.0,0.0,0.0,0.0,1.0,0.0,0.0,0.0,0.0,1.0,1.0,567.0,54.0,54.0,54.0,0.0,54.0,83331676.33548364,9.5,10.392304845413264,0.0,0.0,0.0,141.55,DDoS-PSHACK_Flood,1
0.03206307888031,23325.0,17.0,64.0,14540.03370737769,14540.03370737769,0.0,0.0,0.0,0.0,0.0,0.0,0.0,0.0,0.0,0.0,0.0,0.0,0.0,0.0,0.0,0.0,0.0,0.0,0.0,0.0,0.0,1.0,0.0,0.0,0.0,1.0,1.0,525.0,50.0,50.0,50.0,0.0,50.0,83033276.50960764,9.5,10.0,0.0,0.0,0.0,141.55,DoS-UDP_Flood,1
0.0,0.0,0.99,63.36,246.57871840094063,246.57871840094063,0.0,0.0,0.0,0.0,0.0,0.0,0.0,0.0,0.0,0.0,0.0,0.0,0.0,0.0,0.0,0.0,0.0,0.0,0.0,0.0,0.0,0.0,0.0,0.0,1.0,1.0,1.0,443.52,42.0,44.52,42.20659313828586,0.6803806086896271,42.18,83124151.78536399,9.5,9.18752783597352,0.9635658636209696,3.386858825404731,0.14,141.55,DDoS-ICMP_Flood,1
0.0,54.0,6.0,64.0,1.1133873935669245,1.1133873935669245,0.0,0.0,0.0,0.0,0.0,0.0,0.0,0.0,0.0,0.0,0.0,0.0,0.0,0.0,0.0,0.0,0.0,0.0,0.0,0.0,1.0,0.0,0.0,0.0,0.0,1.0,1.0,567.0,54.0,54.0,54.0,0.0,54.0,83064244.94495958,9.5,10.392304845413264,0.0,0.0,0.0,141.55,DDoS-TCP_Flood,1
2.441775386333465,164.16,6.0,64.0,1.1139563017790068,1.1139563017790068,0.0,0.0,1.0,0.0,0.0,0.0,0.0,0.0,0.0,3.04,0.0,0.0,0.0,0.0,0.0,0.0,0.0,0.0,0.0,0.0,1.0,0.0,0.0,0.0,0.0,1.0,1.0,567.0,54.0,54.0,54.0,0.0,54.0,83361237.53313527,9.5,10.392304845413264,0.0,0.0,0.0,141.55,DDoS-SynonymousIP_Flood,1
0.0,54.0,6.0,64.0,36.21883432854509,36.21883432854509,0.0,0.0,0.0,0.0,0.0,0.0,0.0,0.0,0.0,0.0,0.0,0.0,0.0,0.0,0.0,0.0,0.0,0.0,0.0,0.0,1.0,0.0,0.0,0.0,0.0,1.0,1.0,567.0,54.0,54.0,54.0,0.0,54.0,82951250.08733001,9.5,10.392304845413264,0.0,0.0,0.0,141.55,DoS-TCP_Flood,1
53.59418110847473,2905544.4,7.1,187.6,47.48552983089325,47.48552983089325,0.0,0.0,0.0,0.0,0.0,1.0,0.0,0.0,0.0,0.0,0.0,141.7,2802.0,0.0,1.0,0.0,0.0,0.0,0.0,0.0,1.0,0.0,0.0,0.0,0.0,1.0,1.0,371.1,66.0,74.1,66.9075,2.551469204908156,68.7,0.0068356990814208,5.5,11.567221077506696,3.608322353558413,21.7344375,0.3,38.5,BenignTraffic,0
28.99032490253449,290286.9,9.8,57.9,19.41845040583416,19.41845040583416,0.0,0.0,0.0,0.0,0.0,0.0,0.0,0.0,0.3,0.4,0.0,265.1,567.7,0.0,0.0,0.0,0.0,0.0,0.0,0.0,0.0,0.0,0.0,0.0,0.0,1.0,1.0,432.0,54.9,147.3,73.80873015873017,28.11651329444432,118.6,0.0058503866195678,5.5,12.090823544261436,39.76275442764658,2424.8048172083645,0.9,38.5,BenignTraffic,0
0.0,0.0,1.0,64.0,122.36139798121243,122.36139798121243,0.0,0.0,0.0,0.0,0.0,0.0,0.0,0.0,0.0,0.0,0.0,0.0,0.0,0.0,0.0,0.0,0.0,0.0,0.0,0.0,0.0,0.0,0.0,0.0,1.0,1.0,1.0,441.0,42.0,42.0,42.0,0.0,42.0,83149688.67772189,9.5,9.16515138991168,0.0,0.0,0.0,141.55,DDoS-ICMP_Flood,1
0.1140131187438964,29452.74,16.67,63.57,7075.498189870558,7075.498189870558,0.0,0.0,0.0,0.0,0.0,0.0,0.0,0.0,0.01,0.06,0.0,0.05,0.15,0.0,0.0,0.0,0.0,0.0,0.0,0.0,0.0,1.0,0.0,0.0,0.0,1.0,1.0,567.3,50.0,89.26,52.830357580886606,9.724890849443112,54.23,83106476.23304038,9.5,10.251977534162094,13.78228341742406,947.4820857594368,0.11,141.55,DDoS-UDP_Flood,1
68.71479122638702,714409.8,7.1,166.4,47.88337907289798,47.88337907289798,0.0,0.0,0.0,0.0,0.0,1.0,0.0,0.0,0.0,1.0,0.0,245.5,1062.3,0.0,1.0,0.0,0.0,0.0,0.0,0.0,1.0,0.0,0.0,0.0,0.0,1.0,1.0,17684.4,210.8,1999.0,1178.5719935985069,586.8083066099055,247.4,166525350.5742861,13.5,48.47174591391125,828.8182046888253,373906.37525121553,1.0,244.6,BenignTraffic,0
0.0,54.0,6.0,64.0,12.26768763244062,12.26768763244062,0.0,0.0,0.0,0.0,1.0,1.0,0.0,0.0,0.0,0.0,0.0,1.0,1.0,0.0,0.0,0.0,0.0,0.0,0.0,0.0,1.0,0.0,0.0,0.0,0.0,1.0,1.0,567.0,54.0,54.0,54.0,0.0,54.0,83331325.16826735,9.5,10.392304845413264,0.0,0.0,0.0,141.55,DDoS-PSHACK_Flood,1
0.0,54.0,6.0,64.0,28.52414243355729,28.52414243355729,0.0,0.0,0.0,0.0,0.0,0.0,0.0,0.0,0.0,0.0,0.0,0.0,0.0,0.0,0.0,0.0,0.0,0.0,0.0,0.0,1.0,0.0,0.0,0.0,0.0,1.0,1.0,567.0,54.0,54.0,54.0,0.0,54.0,83072003.3140566,9.5,10.392304845413264,0.0,0.0,0.0,141.55,DDoS-TCP_Flood,1
0.0,54.0,6.0,64.0,7.930907402872805,7.930907402872805,0.0,0.0,1.0,0.0,0.0,0.0,0.0,0.0,0.0,1.0,0.0,0.0,0.0,0.0,0.0,0.0,0.0,0.0,0.0,0.0,1.0,0.0,0.0,0.0,0.0,1.0,1.0,567.0,54.0,54.0,54.0,0.0,54.0,82985903.10450426,9.5,10.392304845413264,0.0,0.0,0.0,141.55,DoS-SYN_Flood,1
0.0,54.0,6.0,64.0,32.3848078851712,32.3848078851712,0.0,0.0,0.0,0.0,0.0,0.0,0.0,0.0,0.0,0.0,0.0,0.0,0.0,0.0,0.0,0.0,0.0,0.0,0.0,0.0,1.0,0.0,0.0,0.0,0.0,1.0,1.0,567.0,54.0,54.0,54.0,0.0,54.0,83072330.1558197,9.5,10.392304845413264,0.0,0.0,0.0,141.55,DDoS-TCP_Flood,1
54.51746962070465,1379125.4,6.0,113.2,25.49761676723305,25.49761676723305,0.0,0.0,0.0,0.0,0.0,1.0,0.0,0.0,0.0,0.2,0.0,182.3,1556.6,0.0,1.0,0.0,0.0,0.0,0.0,0.0,1.0,0.0,0.0,0.0,0.0,1.0,1.0,5472.7,50.0,1514.0,363.5041320409896,476.78848981900126,76.9,166521599.24673638,13.5,26.930080187444297,675.4422289478091,228819.25528387583,1.0,244.6,BenignTraffic,0
0.1645957469940185,16164.5,17.0,64.0,52539.86469508555,52539.86469508555,0.0,0.0,0.0,0.0,0.0,0.0,0.0,0.0,0.0,0.0,0.0,0.0,0.0,0.0,0.0,0.0,0.0,0.0,0.0,0.0,0.0,1.0,0.0,0.0,0.0,1.0,1.0,525.0,50.0,50.0,50.0,0.0,50.0,83101883.38674793,9.5,10.0,0.0,0.0,0.0,141.55,DDoS-UDP_Flood,1
0.0,54.0,6.0,64.0,49.2124582739342,49.2124582739342,0.0,0.0,1.0,0.0,0.0,0.0,0.0,0.0,0.0,1.0,0.0,0.0,0.0,0.0,0.0,0.0,0.0,0.0,0.0,0.0,1.0,0.0,0.0,0.0,0.0,1.0,1.0,567.0,54.0,54.0,54.0,0.0,54.0,82985558.94625306,9.5,10.392304845413264,0.0,0.0,0.0,141.55,DoS-SYN_Flood,1
6.82944688796997,189372.7,9.3,69.0,26.76241327627746,26.76241327627746,0.0,0.0,0.0,0.0,0.0,1.0,0.0,0.0,0.0,0.0,0.0,33.8,226.2,0.0,1.0,0.0,0.0,0.0,0.0,0.0,1.0,0.0,0.0,0.0,0.0,1.0,1.0,1893.6,54.0,460.4,115.18871167746944,110.34217230498798,402.8,166525675.36903,13.5,14.58188404389151,140.83943127874463,22118.07952479948,1.0,244.6,BenignTraffic,0
0.0162772917747497,59.26,6.0,63.79,2.695002412336818,2.695002412336818,0.0,0.0,0.0,0.0,0.0,0.0,0.0,0.0,0.0,0.03,0.0,0.01,0.06,0.0,0.0,0.0,0.0,0.0,0.0,0.0,1.0,0.0,0.0,0.0,0.0,1.0,1.0,570.32,54.0,56.12,54.22600684901614,0.5965468622224863,54.32,82946375.43663335,9.5,10.413918589282428,0.8452711464016781,3.304176521254501,0.11,141.55,DoS-TCP_Flood,1
0.0,54.0,6.0,64.0,8.456748249016446,8.456748249016446,0.0,0.0,1.0,0.0,0.0,0.0,0.0,0.0,0.0,1.0,0.0,0.0,0.0,1.0,0.0,0.0,0.0,0.0,0.0,0.0,1.0,0.0,0.0,0.0,0.0,1.0,1.0,567.0,54.0,54.0,54.0,0.0,54.0,83094381.1069699,9.5,10.392304845413264,0.0,0.0,0.0,141.55,DDoS-SYN_Flood,1
0.0,54.25,6.11,64.0,22.12366517304949,22.12366517304949,0.0,0.0,1.0,0.0,0.0,0.0,0.0,0.0,0.0,0.99,0.0,0.0,0.0,0.0,0.0,0.0,0.0,0.0,0.0,0.0,1.0,0.0,0.0,0.0,0.0,1.0,1.0,569.0,54.0,56.0,54.12363224473325,0.480277845872825,54.25,83089740.19245778,9.5,10.40417836705843,0.6811076367246247,2.9106491830359893,0.08,141.55,DDoS-SYN_Flood,1
0.0,54.0,6.0,64.0,1.161426917510053,1.161426917510053,0.0,0.0,0.0,0.0,1.0,1.0,0.0,0.0,0.0,0.0,0.0,1.0,1.0,0.0,0.0,0.0,0.0,0.0,0.0,0.0,1.0,0.0,0.0,0.0,0.0,1.0,1.0,567.0,54.0,54.0,54.0,0.0,54.0,83331266.77438499,9.5,10.392304845413264,0.0,0.0,0.0,141.55,DDoS-PSHACK_Flood,1
4.392152225971222,108.0,6.0,64.0,0.4553576509235992,0.4553576509235992,0.0,0.0,1.0,0.0,0.0,0.0,0.0,0.0,0.0,2.0,0.0,0.0,0.0,0.0,0.0,0.0,0.0,0.0,0.0,0.0,1.0,0.0,0.0,0.0,0.0,1.0,1.0,567.0,54.0,54.0,54.0,0.0,54.0,82980880.34188797,9.5,10.392304845413264,0.0,0.0,0.0,141.55,DoS-SYN_Flood,1
0.0,0.0,0.99,63.36,38.14460066570872,38.14460066570872,0.0,0.0,0.0,0.0,0.0,0.0,0.0,0.0,0.0,0.0,0.0,0.0,0.0,0.0,0.0,0.0,0.0,0.0,0.0,0.0,0.0,0.0,0.0,0.0,1.0,1.0,1.0,444.42,42.0,45.42,42.46759313828586,1.072257748097606,42.18,83128380.90067802,9.5,9.21504843407837,1.5177638289557052,6.492758825404732,0.19,141.55,DDoS-ICMP_Flood,1
0.0,54.0,6.0,64.0,2.4420043996365663,2.4420043996365663,0.0,0.0,0.0,0.0,1.0,1.0,0.0,0.0,0.0,0.0,0.0,1.0,1.0,0.0,0.0,0.0,0.0,0.0,0.0,0.0,1.0,0.0,0.0,0.0,0.0,1.0,1.0,567.0,54.0,54.0,54.0,0.0,54.0,83332040.68721454,9.5,10.392304845413264,0.0,0.0,0.0,141.55,DDoS-PSHACK_Flood,1
4.4540530824661255,109.77,6.22,64.64,2.639995657489231,2.639995657489231,0.0,0.0,0.0,0.0,0.0,0.0,0.0,0.0,0.0,0.0,0.0,0.0,0.0,0.0,0.0,0.0,0.0,0.0,0.0,0.0,1.0,0.0,0.0,0.0,0.0,1.0,1.0,588.63,54.0,68.88,55.99988072685827,4.481639108184963,55.38,82955903.58086537,9.5,10.573882789080974,6.345269205965898,129.12436294352375,0.16,141.55,DoS-TCP_Flood,1
0.0025046586990356,59.59,5.94,63.08,19.18153327038161,19.18153327038161,0.0,0.0,0.0,0.0,0.0,0.0,0.0,0.0,0.0,0.02,0.0,0.01,0.05,1.0,0.0,0.0,0.0,0.0,0.0,0.0,1.0,0.0,0.0,0.0,0.0,1.0,1.0,636.09,54.0,121.05,61.23584561143191,19.6357936143052,58.05,82943077.92874071,9.5,10.979432442190053,27.79880624038305,2275.425627866472,0.37,141.55,DoS-TCP_Flood,1
0.0,0.0,1.0,64.0,1.2535291056042648,1.2535291056042648,0.0,0.0,0.0,0.0,0.0,0.0,0.0,0.0,0.0,0.0,0.0,0.0,0.0,0.0,0.0,0.0,0.0,0.0,0.0,0.0,0.0,0.0,0.0,0.0,1.0,1.0,1.0,441.0,42.0,42.0,42.0,0.0,42.0,83149483.6969022,9.5,9.16515138991168,0.0,0.0,0.0,141.55,DDoS-ICMP_Flood,1
0.0,0.74,1.05,64.0,21.90725174625504,21.90725174625504,0.0,0.0,0.0,0.0,0.0,0.0,0.0,0.0,0.0,0.01,0.0,0.0,0.0,0.0,0.0,0.0,0.0,0.0,0.0,0.0,0.0,0.0,0.0,0.0,1.0,1.0,1.0,445.48,42.0,46.48,42.36727669028598,1.2095655265593372,42.32,83123992.48960689,9.5,9.204643377441062,1.7130059797706128,10.704146411155689,0.14,141.55,DDoS-ICMP_Flood,1
0.0,54.0,6.0,64.0,1.532767846902914,1.532767846902914,0.0,0.0,0.0,0.0,0.0,0.0,0.0,0.0,0.0,0.0,0.0,0.0,0.0,0.0,0.0,0.0,0.0,0.0,0.0,0.0,1.0,0.0,0.0,0.0,0.0,1.0,1.0,567.0,54.0,54.0,54.0,0.0,54.0,82943175.73324184,9.5,10.392304845413264,0.0,0.0,0.0,141.55,DoS-TCP_Flood,1
0.0226932096481323,84.24,6.0,64.0,49.20164885361244,49.20164885361244,0.0,0.0,1.0,0.0,0.0,0.0,0.0,0.0,0.0,1.56,0.0,0.0,0.0,0.0,0.0,0.0,0.0,0.0,0.0,0.0,1.0,0.0,0.0,0.0,0.0,1.0,1.0,567.0,54.0,54.0,54.0,0.0,54.0,83361307.69155473,9.5,10.392304845413264,0.0,0.0,0.0,141.55,DDoS-SynonymousIP_Flood,1
0.0,54.0,6.0,64.0,7.11022508147602,7.11022508147602,0.0,0.0,1.0,0.0,0.0,0.0,0.0,0.0,0.0,1.0,0.0,0.0,0.0,0.0,0.0,0.0,0.0,0.0,0.0,0.0,1.0,0.0,0.0,0.0,0.0,1.0,1.0,567.0,54.0,54.0,54.0,0.0,54.0,83362148.37199377,9.5,10.392304845413264,0.0,0.0,0.0,141.55,DDoS-SynonymousIP_Flood,1
2.7047702145576475,108.0,6.0,64.0,0.9644269783983888,0.9644269783983888,0.0,0.0,1.0,0.0,0.0,0.0,0.0,0.0,0.0,2.0,0.0,0.0,0.0,0.0,0.0,0.0,0.0,0.0,0.0,0.0,1.0,0.0,0.0,0.0,0.0,1.0,1.0,567.0,54.0,54.0,54.0,0.0,54.0,83362614.671178,9.5,10.392304845413264,0.0,0.0,0.0,141.55,DDoS-SynonymousIP_Flood,1
0.0,54.0,6.0,64.0,11.747434461124808,11.747434461124808,0.0,0.0,0.0,0.0,1.0,1.0,0.0,0.0,0.0,0.0,0.0,1.0,1.0,0.0,0.0,0.0,0.0,0.0,0.0,0.0,1.0,0.0,0.0,0.0,0.0,1.0,1.0,567.0,54.0,54.0,54.0,0.0,54.0,83332024.68359888,9.5,10.392304845413264,0.0,0.0,0.0,141.55,DDoS-PSHACK_Flood,1
0.8820509004592896,31420.5,17.0,64.0,1976.9188663108448,1976.9188663108448,0.0,0.0,0.0,0.0,0.0,0.0,0.0,0.0,0.0,0.0,0.0,0.0,0.0,0.0,0.0,0.0,0.0,0.0,0.0,0.0,0.0,1.0,0.0,0.0,0.0,1.0,1.0,525.0,50.0,50.0,50.0,0.0,50.0,83098704.17495057,9.5,10.0,0.0,0.0,0.0,141.55,DDoS-UDP_Flood,1
4.122532031536102,166.32,6.0,64.0,0.7264484384851628,0.7264484384851628,0.0,0.0,1.0,0.0,0.0,0.0,0.0,0.0,0.0,3.08,0.0,0.0,0.0,0.0,0.0,0.0,0.0,0.0,0.0,0.0,1.0,0.0,0.0,0.0,0.0,1.0,1.0,567.0,54.0,54.0,54.0,0.0,54.0,83362486.65269887,9.5,10.392304845413264,0.0,0.0,0.0,141.55,DDoS-SynonymousIP_Flood,1
0.0473162508010864,71.34,6.0,64.0,4.025279784264344,4.025279784264344,0.0,0.0,1.0,0.0,0.0,0.0,0.0,0.0,0.0,1.02,0.01,0.05,0.11,0.0,0.0,0.0,0.0,0.0,0.0,0.0,1.0,0.0,0.0,0.0,0.0,1.0,1.0,568.2,54.0,55.2,54.067082559339525,0.2754381182104603,54.24,82985887.65153489,9.5,10.398780114453793,0.3913448280163395,1.5330193879192004,0.05,141.55,DoS-SYN_Flood,1
134.51641748428344,8052.91,7.7,116.57,16819.90162649618,16819.90162649618,0.0,0.0,0.0,0.0,0.0,1.0,0.0,0.0,0.1,1.12,0.01,29.94,56.58,0.0,1.0,0.0,0.0,0.0,0.0,0.0,1.0,0.0,0.0,0.0,0.0,1.0,1.0,2177.37,63.17,870.07,190.74619849697945,232.20654925091225,192.65,83243941.43984751,9.5,18.44426821968399,328.8537088939928,132796.47129788782,0.94,141.55,Other_Attack,1
9.5367431640625e-09,2.25,46.18,65.18,2097152.0,2097152.0,0.0,0.0,0.0,0.0,0.0,0.0,0.0,0.0,0.0,0.0,0.0,0.01,0.03,0.0,0.0,0.0,0.0,0.0,0.0,0.0,0.0,0.0,0.0,0.0,0.0,1.0,1.0,6082.48,518.36,592.0,581.5722756571345,25.10808772351379,581.75,83702798.93661974,9.5,34.09455843108066,35.55817610839145,4555.52521715296,0.14,141.55,Other_Attack,1
0.0,54.0,6.0,64.0,14.542398385681938,14.542398385681938,0.0,1.0,0.0,1.0,0.0,0.0,0.0,0.0,1.0,0.0,1.0,0.0,0.0,0.0,0.0,0.0,0.0,0.0,0.0,0.0,1.0,0.0,0.0,0.0,0.0,1.0,1.0,567.0,54.0,54.0,54.0,0.0,54.0,83344529.93550068,9.5,10.392304845413264,0.0,0.0,0.0,141.55,DDoS-RSTFINFlood,1
0.0,54.0,6.0,64.0,19.87471403145986,19.87471403145986,0.0,0.0,0.0,0.0,0.0,0.0,0.0,0.0,0.0,0.0,0.0,0.0,0.0,0.0,0.0,0.0,0.0,0.0,0.0,0.0,1.0,0.0,0.0,0.0,0.0,1.0,1.0,567.0,54.0,54.0,54.0,0.0,54.0,83064244.83832856,9.5,10.392304845413264,0.0,0.0,0.0,141.55,DDoS-TCP_Flood,1
5.219057552814483,108.0,6.0,64.0,0.3832109888923328,0.3832109888923328,0.0,0.0,0.0,0.0,0.0,0.0,0.0,0.0,0.0,0.0,0.0,0.0,0.0,1.0,0.0,0.0,0.0,0.0,0.0,0.0,1.0,0.0,0.0,0.0,0.0,1.0,1.0,567.0,54.0,54.0,54.0,0.0,54.0,82926054.24563168,9.5,10.392304845413264,0.0,0.0,0.0,141.55,DoS-TCP_Flood,1
1.7352717876434327,1741027.0,6.0,64.0,1004.7417289493212,1004.7417289493212,0.0,0.0,0.0,0.0,0.0,1.0,0.0,0.0,0.0,0.0,0.0,574.0,1743.5,0.0,1.0,0.0,0.0,0.0,0.0,0.0,1.0,0.0,0.0,0.0,0.0,1.0,1.0,14019.0,66.0,2954.0,935.135315566786,1014.1732400290635,66.0,166612170.6524253,13.5,43.16539753998309,1436.1273302047343,1031793.1647752654,1.0,244.6,Other_Attack,1
0.0,54.0,6.0,64.0,1.0003056267883133,1.0003056267883133,0.0,0.0,1.0,0.0,0.0,0.0,0.0,0.0,0.0,1.0,0.0,0.0,0.0,0.0,0.0,0.0,0.0,0.0,0.0,0.0,1.0,0.0,0.0,0.0,0.0,1.0,1.0,567.0,54.0,54.0,54.0,0.0,54.0,83089795.49875814,9.5,10.392304845413264,0.0,0.0,0.0,141.55,DDoS-SYN_Flood,1
0.0,54.0,6.0,64.0,1.485679498565789,1.485679498565789,0.0,0.0,1.0,0.0,0.0,0.0,0.0,0.0,0.0,1.0,0.0,0.0,0.0,0.0,0.0,0.0,0.0,0.0,0.0,0.0,1.0,0.0,0.0,0.0,0.0,1.0,1.0,567.0,54.0,54.0,54.0,0.0,54.0,83089969.87868947,9.5,10.392304845413264,0.0,0.0,0.0,141.55,DDoS-SYN_Flood,1
0.0,54.0,6.0,64.0,2.109967945299751,2.109967945299751,0.0,0.0,0.0,0.0,1.0,1.0,0.0,0.0,0.0,0.0,0.0,1.0,1.0,0.0,0.0,0.0,0.0,0.0,0.0,0.0,1.0,0.0,0.0,0.0,0.0,1.0,1.0,567.0,54.0,54.0,54.0,0.0,54.0,83314084.6815719,9.5,10.392304845413264,0.0,0.0,0.0,141.55,DDoS-PSHACK_Flood,1
0.0,54.0,6.0,64.0,1.773784369127462,1.773784369127462,0.0,0.0,0.0,0.0,1.0,1.0,0.0,0.0,0.0,0.0,0.0,1.0,1.0,0.0,0.0,0.0,0.0,0.0,0.0,0.0,1.0,0.0,0.0,0.0,0.0,1.0,1.0,567.0,54.0,54.0,54.0,0.0,54.0,83314688.90224762,9.5,10.392304845413264,0.0,0.0,0.0,141.55,DDoS-PSHACK_Flood,1
5.0046528840065,108.0,6.0,64.0,0.3996282105137716,0.3996282105137716,0.0,0.0,0.0,0.0,0.0,0.0,0.0,0.0,0.0,0.0,0.0,0.0,0.0,0.0,0.0,0.0,0.0,0.0,0.0,0.0,1.0,0.0,0.0,0.0,0.0,1.0,1.0,567.0,54.0,54.0,54.0,0.0,54.0,82946720.35145687,9.5,10.392304845413264,0.0,0.0,0.0,141.55,DoS-TCP_Flood,1
4.988549990653992,108.0,6.0,64.0,0.4009181189574176,0.4009181189574176,0.0,0.0,0.0,0.0,0.0,0.0,0.0,0.0,0.0,0.0,0.0,0.0,0.0,0.0,0.0,0.0,0.0,0.0,0.0,0.0,1.0,0.0,0.0,0.0,0.0,1.0,1.0,567.0,54.0,54.0,54.0,0.0,54.0,82951194.442876,9.5,10.392304845413264,0.0,0.0,0.0,141.55,DoS-TCP_Flood,1
0.0,54.0,6.0,64.0,0.6708287877607729,0.6708287877607729,0.0,0.0,1.0,0.0,0.0,0.0,0.0,0.0,0.0,1.0,0.0,0.0,0.0,0.0,0.0,0.0,0.0,0.0,0.0,0.0,1.0,0.0,0.0,0.0,0.0,1.0,1.0,567.0,54.0,54.0,54.0,0.0,54.0,83487480.09407587,9.5,10.392304845413264,0.0,0.0,0.0,141.55,DDoS-SYN_Flood,1
4.887620949745179,226703.6,7.1,180.0,37.12164636373906,37.12164636373906,0.0,0.0,0.0,0.0,1.0,1.0,0.0,0.0,0.0,0.3,0.0,88.5,181.5,0.0,1.0,0.0,0.0,0.0,0.0,0.0,1.0,0.0,0.0,0.0,0.0,1.0,1.0,4062.3,111.8,2134.4,635.5089682539683,739.7921716932856,805.1,0.0161421060562133,5.5,34.157134375806365,1046.2241225460898,773599.9233808895,0.9,38.5,Other_Attack,1
0.0238867902755737,18958.5,16.84,64.0,15861.730463705271,15861.730463705271,0.0,0.0,0.0,0.0,0.0,0.0,0.0,0.0,0.0,0.0,0.0,0.0,0.0,0.0,0.0,0.0,0.0,0.0,0.0,0.0,0.0,1.0,0.0,0.0,0.0,1.0,1.0,531.72,50.0,56.72,50.55091503542897,1.814348289839005,50.48,83123878.96248117,9.5,10.054062726429564,2.569508969655919,24.084329425100307,0.14,141.55,DDoS-UDP_Flood,1
4.267814817428589,108.0,6.0,64.0,0.4686239077388622,0.4686239077388622,0.0,0.0,1.0,0.0,0.0,0.0,0.0,0.0,0.0,2.0,0.0,0.0,0.0,0.0,0.0,0.0,0.0,0.0,0.0,0.0,1.0,0.0,0.0,0.0,0.0,1.0,1.0,567.0,54.0,54.0,54.0,0.0,54.0,82972719.54343411,9.5,10.392304845413264,0.0,0.0,0.0,141.55,DoS-SYN_Flood,1
0.1036432456970214,20997.0,17.0,64.0,5646.966099856812,5646.966099856812,0.0,0.0,0.0,0.0,0.0,0.0,0.0,0.0,0.0,0.0,0.0,0.0,0.0,0.0,0.0,0.0,0.0,0.0,0.0,0.0,0.0,1.0,0.0,0.0,0.0,1.0,1.0,525.0,50.0,50.0,50.0,0.0,50.0,83106310.87306997,9.5,10.0,0.0,0.0,0.0,141.55,DDoS-UDP_Flood,1
0.0,54.0,6.0,64.0,2.0383162914357493,2.0383162914357493,0.0,1.0,0.0,1.0,0.0,0.0,0.0,0.0,1.0,0.0,1.0,0.0,0.0,0.0,0.0,0.0,0.0,0.0,0.0,0.0,1.0,0.0,0.0,0.0,0.0,1.0,1.0,567.0,54.0,54.0,54.0,0.0,54.0,83343763.8008364,9.5,10.392304845413264,0.0,0.0,0.0,141.55,DDoS-RSTFINFlood,1
0.4928320407867431,1642.3,17.0,53.0,45.34839898927347,45.34839898927347,0.0,0.0,0.0,0.0,0.0,0.0,0.0,0.0,0.0,0.0,0.0,0.0,0.0,0.0,0.0,0.0,0.0,0.0,0.0,0.0,0.0,1.0,0.0,0.0,0.0,1.0,1.0,899.7,61.6,515.4,158.27218253968255,158.99735192557932,137.1,0.000681710243225,5.5,17.57987694446752,224.85621147456223,32288.101755275253,0.9,38.5,BenignTraffic,0
0.0,162.0,17.0,64.0,2.3863436673968765,2.3863436673968765,0.0,0.0,0.0,0.0,0.0,0.0,0.0,0.0,0.0,0.0,0.0,0.0,0.0,0.0,0.0,0.0,0.0,0.0,0.0,0.0,0.0,1.0,0.0,0.0,0.0,1.0,1.0,1701.0,162.0,162.0,162.0,0.0,162.0,83008111.33797339,9.5,18.0,0.0,0.0,0.0,141.55,DoS-UDP_Flood,1
50.56934595108032,1903858.4,6.5,159.6,36.63103983567103,36.63103983567103,0.0,0.0,0.0,0.0,0.0,1.0,0.0,0.0,0.0,0.0,0.0,82.6,1765.2,0.0,0.0,0.0,0.0,0.0,0.0,0.0,1.0,0.0,0.0,0.0,0.0,1.0,1.0,1335.4,46.0,213.8,85.75160873955767,47.85027923935472,92.8,166521683.1611079,13.5,13.101828390229548,67.81853502234476,2327.389005940654,1.0,244.6,BenignTraffic,0
0.0,0.0,47.0,64.0,33.80717443608415,33.80717443608415,0.0,0.0,0.0,0.0,0.0,0.0,0.0,0.0,0.0,0.0,0.0,0.0,0.0,0.0,0.0,0.0,0.0,0.0,0.0,0.0,0.0,0.0,0.0,0.0,0.0,1.0,1.0,6216.0,592.0,592.0,592.0,0.0,592.0,83681184.51216403,9.5,34.409301068170514,0.0,0.0,0.0,141.55,Other_Attack,1
0.0,54.0,6.0,64.0,0.8854917706852322,0.8854917706852322,0.0,1.0,0.0,1.0,0.0,0.0,0.0,0.0,1.0,0.0,1.0,0.0,0.0,0.0,0.0,0.0,0.0,0.0,0.0,0.0,1.0,0.0,0.0,0.0,0.0,1.0,1.0,567.0,54.0,54.0,54.0,0.0,54.0,83348620.03509277,9.5,10.392304845413264,0.0,0.0,0.0,141.55,DDoS-RSTFINFlood,1
0.0,54.0,6.0,64.0,0.6261529022039165,0.6261529022039165,0.0,0.0,0.0,0.0,1.0,1.0,0.0,0.0,0.0,0.0,0.0,1.0,1.0,0.0,0.0,0.0,0.0,0.0,0.0,0.0,1.0,0.0,0.0,0.0,0.0,1.0,1.0,567.0,54.0,54.0,54.0,0.0,54.0,83330968.15686588,9.5,10.392304845413264,0.0,0.0,0.0,141.55,DDoS-PSHACK_Flood,1
0.4034950518608093,108.0,6.0,64.0,5.252153483948319,5.252153483948319,0.0,0.0,1.0,0.0,0.0,0.0,0.0,0.0,0.0,2.0,0.0,0.0,0.0,0.0,0.0,0.0,0.0,0.0,0.0,0.0,1.0,0.0,0.0,0.0,0.0,1.0,1.0,567.0,54.0,54.0,54.0,0.0,54.0,83365595.10477182,9.5,10.392304845413264,0.0,0.0,0.0,141.55,DDoS-SynonymousIP_Flood,1
0.0,54.0,6.0,64.0,0.0,0.0,0.0,0.0,1.0,0.0,0.0,0.0,0.0,0.0,0.0,1.0,0.0,0.0,0.0,0.0,0.0,0.0,0.0,0.0,0.0,0.0,1.0,0.0,0.0,0.0,0.0,1.0,1.0,567.0,54.0,54.0,54.0,0.0,54.0,83365338.69714035,9.5,10.392304845413264,0.0,0.0,0.0,141.55,DDoS-SynonymousIP_Flood,1
0.0,54.0,6.0,64.0,1.0080616858273237,1.0080616858273237,0.0,0.0,0.0,0.0,1.0,1.0,0.0,0.0,0.0,0.0,0.0,1.0,1.0,0.0,0.0,0.0,0.0,0.0,0.0,0.0,1.0,0.0,0.0,0.0,0.0,1.0,1.0,567.0,54.0,54.0,54.0,0.0,54.0,83313824.05398479,9.5,10.392304845413264,0.0,0.0,0.0,141.55,DDoS-PSHACK_Flood,1
63.10509877204895,93693.2,8.2,108.7,32.42034937218924,32.42034937218924,0.0,0.0,0.0,0.0,0.0,1.0,0.0,0.0,0.0,1.2,0.0,147.2,332.5,0.0,1.0,0.0,0.0,0.0,0.0,0.0,1.0,0.0,0.0,0.0,0.0,1.0,1.0,4099.4,115.2,1385.6,731.9161904761905,597.7735174615257,678.0,0.0063092947006225,5.5,37.74762297663783,845.3794156215596,397679.5354739229,0.9,38.5,BenignTraffic,0
0.0195591235160827,13625.0,17.0,64.0,14901.68192347097,14901.68192347097,0.0,0.0,0.0,0.0,0.0,0.0,0.0,0.0,0.0,0.0,0.0,0.0,0.0,0.0,0.0,0.0,0.0,0.0,0.0,0.0,0.0,1.0,0.0,0.0,0.0,1.0,1.0,525.0,50.0,50.0,50.0,0.0,50.0,83123872.17313676,9.5,10.0,0.0,0.0,0.0,141.55,DDoS-UDP_Flood,1
0.0,54.0,6.0,64.0,2.4366273959546234,2.4366273959546234,0.0,0.0,0.0,0.0,0.0,0.0,0.0,0.0,0.0,0.0,0.0,0.0,0.0,0.0,0.0,0.0,0.0,0.0,0.0,0.0,1.0,0.0,0.0,0.0,0.0,1.0,1.0,567.0,54.0,54.0,54.0,0.0,54.0,83076438.42241308,9.5,10.392304845413264,0.0,0.0,0.0,141.55,DDoS-TCP_Flood,1
0.0089619302749633,64.8,6.0,64.0,48.70647148058708,48.70647148058708,0.0,0.0,1.0,0.0,0.0,0.0,0.0,0.0,0.0,1.2,0.0,0.0,0.0,0.0,0.0,0.0,0.0,0.0,0.0,0.0,1.0,0.0,0.0,0.0,0.0,1.0,1.0,567.0,54.0,54.0,54.0,0.0,54.0,83362539.69402312,9.5,10.392304845413264,0.0,0.0,0.0,141.55,DDoS-SynonymousIP_Flood,1
0.0005130195617675,181.95,16.89,65.91,40.98919897830661,40.98919897830661,0.0,0.0,0.0,0.0,0.0,0.0,0.0,0.0,0.0,0.0,0.0,0.01,0.02,0.0,0.0,0.0,0.0,0.0,0.0,0.0,0.0,1.0,0.0,0.0,0.0,1.0,1.0,1903.33,174.33,182.0,181.4071193165709,2.0236794469877672,181.41,83006955.08145747,9.5,19.04741195500332,2.8663804962118844,32.12537685754972,0.13,141.55,DoS-UDP_Flood,1
0.1180202198028564,19320.79,15.93,77.82,10327.791214660769,10327.791214660769,0.0,0.0,0.0,0.0,0.0,0.0,0.0,0.0,0.0,0.0,0.0,0.08,0.16,0.0,0.0,0.0,0.0,0.0,0.0,0.0,0.0,1.0,0.0,0.0,0.0,1.0,1.0,644.08,50.0,160.08,57.862254763855,27.16559907133025,67.45,83015476.11151071,9.5,10.655245949286488,38.53936785035451,5566.866370321852,0.25,141.55,DoS-UDP_Flood,1
0.0,54.0,6.0,64.0,2.510093807507593,2.510093807507593,0.0,0.0,1.0,0.0,0.0,0.0,0.0,0.0,0.0,1.0,0.0,0.0,0.0,0.0,0.0,0.0,0.0,0.0,0.0,0.0,1.0,0.0,0.0,0.0,0.0,1.0,1.0,567.0,54.0,54.0,54.0,0.0,54.0,83365450.4165616,9.5,10.392304845413264,0.0,0.0,0.0,141.55,DDoS-SynonymousIP_Flood,1
0.6012394905090332,908294.2,6.0,81.7,986.5804670499116,986.5804670499116,0.0,0.0,0.0,0.0,0.0,1.0,0.0,0.0,0.0,0.0,0.0,7.7,593.1,1.0,0.0,0.0,0.0,0.0,0.0,0.0,1.0,0.0,0.0,0.0,0.0,1.0,1.0,14602.2,1462.0,4533.2,2752.1920634920634,944.3279687354636,2299.6,0.0001954078674316,5.5,74.08508115812346,1335.4814207139286,1513730.5527669438,0.6,38.5,BenignTraffic,0
40.04441454410553,2597903.7,6.0,114.1,52.69635548272468,52.69635548272468,0.0,0.0,0.0,0.0,0.0,1.0,0.0,0.0,0.0,0.6,0.0,95.1,2484.5,0.0,1.0,0.0,0.0,0.0,0.0,0.0,1.0,0.0,0.0,0.0,0.0,1.0,1.0,10365.8,66.0,1514.0,664.215168241631,705.9313614841599,657.8,166525492.92631704,13.5,36.49475930604243,998.6279980239658,498797.0843175888,1.0,244.6,BenignTraffic,0
0.0,54.0,6.0,64.0,61.074584432415,61.074584432415,0.0,1.0,0.0,1.0,0.0,0.0,0.0,0.0,1.0,0.0,1.0,0.0,0.0,0.0,0.0,0.0,0.0,0.0,0.0,0.0,1.0,0.0,0.0,0.0,0.0,1.0,1.0,567.0,54.0,54.0,54.0,0.0,54.0,83345131.81861325,9.5,10.392304845413264,0.0,0.0,0.0,141.55,DDoS-RSTFINFlood,1
0.0005348300933837,161.12,16.78,63.86,618.0972586144559,618.0972586144559,0.0,0.0,0.0,0.0,0.0,0.0,0.0,0.0,0.01,0.0,0.0,0.0,0.03,0.0,0.0,0.0,0.0,0.0,0.0,0.0,0.0,1.0,0.0,0.0,0.0,1.0,1.0,1689.0,153.84,162.0,161.34616993464053,2.176736199974376,158.96,83008102.38561232,9.5,17.962710654113952,3.0962040498554644,60.5197630951185,0.08,141.55,DoS-UDP_Flood,1
9.74780599117279,162.0,6.0,64.0,0.3077615901473993,0.3077615901473993,0.0,0.0,1.0,0.0,0.0,0.0,0.0,0.0,0.0,3.0,0.0,0.0,0.0,0.0,0.0,0.0,0.0,0.0,0.0,0.0,1.0,0.0,0.0,0.0,0.0,1.0,1.0,567.0,54.0,54.0,54.0,0.0,54.0,82972976.49577922,9.5,10.392304845413264,0.0,0.0,0.0,141.55,DoS-SYN_Flood,1
0.0,0.0,1.0,64.0,42.207469798286255,42.207469798286255,0.0,0.0,0.0,0.0,0.0,0.0,0.0,0.0,0.0,0.0,0.0,0.0,0.0,0.0,0.0,0.0,0.0,0.0,0.0,0.0,0.0,0.0,0.0,0.0,1.0,1.0,1.0,441.0,42.0,42.0,42.0,0.0,42.0,83124824.75276977,9.5,9.16515138991168,0.0,0.0,0.0,141.55,DDoS-ICMP_Flood,1
0.0,54.0,6.0,64.0,22.41570802904104,22.41570802904104,0.0,0.0,1.0,0.0,0.0,0.0,0.0,0.0,0.0,1.0,0.0,0.0,0.0,0.0,0.0,0.0,0.0,0.0,0.0,0.0,1.0,0.0,0.0,0.0,0.0,1.0,1.0,567.0,54.0,54.0,54.0,0.0,54.0,83093173.21480745,9.5,10.392304845413264,0.0,0.0,0.0,141.55,DDoS-SYN_Flood,1
0.0133031344413757,4004.81,16.62,66.55,16341.308364880448,16341.308364880448,0.0,0.0,0.0,0.0,0.0,0.0,0.0,0.0,0.02,0.03,0.0,0.02,0.08,0.0,0.0,0.0,0.0,0.0,0.0,0.0,0.0,1.0,0.0,0.0,0.0,1.0,1.0,537.84,50.6,57.76,51.97448005159615,2.383885620551756,51.16,83011430.7972791,9.5,10.182755364505528,3.3581613837255007,27.96039651649305,0.22,141.55,DoS-UDP_Flood,1
4.85114905834198,1977.34,6.55,81.11,67.15260367361505,67.15260367361505,0.0,0.0,1.0,0.0,0.0,0.0,0.0,0.0,0.02,1.93,0.0,0.82,2.85,0.0,0.0,0.0,0.0,0.0,0.0,0.0,1.0,0.0,0.0,0.0,0.0,1.0,1.0,1665.46,54.2,468.48,131.15429790350686,123.50785457169236,172.18,82973027.01861049,9.5,14.05072129677621,175.0265783940795,94786.0473797673,0.49,141.55,DoS-SYN_Flood,1
0.0990308618545532,38464.76,16.89,63.89,7796.549696110347,7796.549696110347,0.0,0.0,0.0,0.0,0.0,0.0,0.0,0.0,0.0,0.0,0.0,0.02,0.03,0.0,0.0,0.0,0.0,0.0,0.0,0.0,0.0,1.0,0.0,0.0,0.0,1.0,1.0,528.04,50.0,53.04,50.41563834514299,0.9531179983089832,50.16,83028451.31237622,9.5,10.040880581392084,1.3491234035161823,5.130081047233366,0.19,141.55,DoS-UDP_Flood,1
0.0,744.16,6.11,65.91,4.852789712183553,4.852789712183553,0.0,0.0,0.0,0.0,0.0,0.0,0.0,0.0,0.0,0.0,0.0,0.0,0.49,0.0,0.0,0.0,0.0,0.0,0.0,0.0,0.0,0.0,0.0,0.0,0.0,1.0,1.0,9941.64,392.24,1491.2,960.0428054118224,534.5429283817713,931.16,83340421.29836911,9.5,43.68303618898823,755.9524129013655,303289.89730176656,0.95,141.55,Other_Attack,1
0.0,54.0,6.0,64.0,2.748899602310116,2.748899602310116,0.0,0.0,1.0,0.0,0.0,0.0,0.0,0.0,0.0,1.0,0.0,0.0,0.0,0.0,1.0,0.0,0.0,0.0,0.0,0.0,1.0,0.0,0.0,0.0,0.0,1.0,1.0,567.0,54.0,54.0,54.0,0.0,54.0,83094017.26380709,9.5,10.392304845413264,0.0,0.0,0.0,141.55,DDoS-SYN_Flood,1
0.0,54.0,6.0,64.0,9.834040899986334,9.834040899986334,0.0,1.0,0.0,1.0,0.0,0.0,0.0,0.0,1.0,0.0,1.0,0.0,0.0,0.0,0.0,0.0,0.0,0.0,0.0,0.0,1.0,0.0,0.0,0.0,0.0,1.0,1.0,567.0,54.0,54.0,54.0,0.0,54.0,83348346.76561387,9.5,10.392304845413264,0.0,0.0,0.0,141.55,DDoS-RSTFINFlood,1
0.1696102881431579,29075.0,17.0,64.0,7846.700187119079,7846.700187119079,0.0,0.0,0.0,0.0,0.0,0.0,0.0,0.0,0.0,0.0,0.0,0.0,0.0,0.0,0.0,0.0,0.0,0.0,0.0,0.0,0.0,1.0,0.0,0.0,0.0,1.0,1.0,525.0,50.0,50.0,50.0,0.0,50.0,83106929.4669487,9.5,10.0,0.0,0.0,0.0,141.55,DDoS-UDP_Flood,1
0.0085697197914123,68.74,6.0,64.0,18.89115027051016,18.89115027051016,0.0,1.0,0.0,1.0,0.0,0.0,0.0,0.0,0.99,0.0,0.99,0.06,0.12,0.0,0.0,0.0,0.0,0.0,0.0,0.0,1.0,0.0,0.0,0.0,0.0,1.0,1.0,581.28,54.0,68.28,55.17069445028656,3.855490115907888,55.02,83344013.48682696,9.5,10.50075634505546,5.460206560518827,108.75580006021856,0.14,141.55,DDoS-RSTFINFlood,1
0.0,1.23,46.59,65.91,67.36160474098818,67.36160474098818,0.0,0.0,0.0,0.0,0.0,0.0,0.0,0.0,0.0,0.0,0.0,0.01,0.01,0.0,0.0,0.0,0.0,0.0,0.0,0.0,0.0,0.0,0.0,0.0,0.0,1.0,1.0,6046.25,555.25,578.0,576.7282264791882,5.221847657739975,573.45,83586115.12571305,9.5,33.961811815301914,7.419245697809768,550.9953798332854,0.05,141.55,Other_Attack,1
0.0,54.0,6.0,64.0,2.023091671630776,2.023091671630776,0.0,1.0,0.0,1.0,0.0,0.0,0.0,0.0,1.0,0.0,1.0,0.0,0.0,0.0,0.0,0.0,0.0,0.0,0.0,0.0,1.0,0.0,0.0,0.0,0.0,1.0,1.0,567.0,54.0,54.0,54.0,0.0,54.0,83348601.20190142,9.5,10.392304845413264,0.0,0.0,0.0,141.55,DDoS-RSTFINFlood,1
0.0,54.0,6.0,64.0,0.8932553460992909,0.8932553460992909,0.0,1.0,0.0,1.0,0.0,0.0,0.0,0.0,1.0,0.0,1.0,0.0,0.0,0.0,0.0,0.0,0.0,0.0,0.0,0.0,1.0,0.0,0.0,0.0,0.0,1.0,1.0,567.0,54.0,54.0,54.0,0.0,54.0,83349320.44532879,9.5,10.392304845413264,0.0,0.0,0.0,141.55,DDoS-RSTFINFlood,1
0.0119808602333068,54.0,5.94,63.36,2.4654832908771174,2.4654832908771174,0.0,0.0,1.0,0.0,0.0,0.0,0.0,0.0,0.0,1.0,0.0,0.0,0.0,0.0,0.0,0.0,0.0,0.0,0.0,0.0,1.0,0.0,0.0,0.0,0.0,1.0,1.0,567.6,54.0,54.6,54.04012628419053,0.149098594198537,54.06,83365305.5552971,9.5,10.396173738092893,0.2113113804584792,0.2249054590585754,0.1,141.55,DDoS-SynonymousIP_Flood,1
0.0,0.0,1.0,65.91,0.4002931643825411,0.4002931643825411,0.0,0.0,0.0,0.0,0.0,0.0,0.0,0.0,0.0,0.0,0.0,0.0,0.0,0.0,0.0,0.0,0.0,0.0,0.0,0.0,0.0,0.0,0.0,0.0,1.0,1.0,1.0,441.0,42.0,42.0,42.0,0.0,42.0,83128090.76433893,9.5,9.16515138991168,0.0,0.0,0.0,141.55,DDoS-ICMP_Flood,1
0.0,54.0,6.0,64.0,4.028497102026252,4.028497102026252,0.0,1.0,0.0,1.0,0.0,0.0,0.0,0.0,1.0,0.0,1.0,0.0,0.0,0.0,1.0,0.0,0.0,0.0,0.0,0.0,1.0,0.0,0.0,0.0,0.0,1.0,1.0,567.0,54.0,54.0,54.0,0.0,54.0,83348185.0821661,9.5,10.392304845413264,0.0,0.0,0.0,141.55,DDoS-RSTFINFlood,1
1.5690240859985352,7851.3,6.0,64.0,20.691850815445665,20.691850815445665,0.0,0.0,0.0,0.0,0.0,1.0,0.0,0.0,0.0,1.6,0.0,6.5,15.6,0.0,1.0,0.0,0.0,0.0,0.0,0.0,1.0,0.0,0.0,0.0,0.0,1.0,1.0,437.1,66.0,129.9,80.77234126984128,24.743036235363043,79.7,0.0126163959503173,5.5,12.6911003520902,34.99193741833934,699.2409650258251,0.9,38.5,Other_Attack,1
0.292464804649353,98.04,6.0,64.0,4.5717543449315805,4.5717543449315805,0.0,0.0,1.0,0.0,0.0,0.0,0.0,0.0,0.0,1.48,0.3,0.0,0.48,0.0,0.0,0.0,0.0,0.0,0.0,0.0,1.0,0.0,0.0,0.0,0.0,1.0,1.0,574.96,54.56,54.96,54.77497248022016,0.1435973406290551,54.72,82972520.43036643,9.5,10.465612035257598,0.2000640185042588,0.2076214102727494,0.1,141.55,DoS-SYN_Flood,1
0.0,54.0,6.0,65.91,1.3871263319976377,1.3871263319976377,0.0,0.0,0.0,0.0,1.0,1.0,0.0,0.0,0.0,0.0,0.01,0.99,1.0,0.0,0.0,0.0,0.0,0.0,0.0,0.0,1.0,0.0,0.0,0.0,0.0,1.0,1.0,567.0,54.0,54.0,54.0,0.0,54.0,83314691.65006195,9.5,10.392304845413264,0.0,0.0,0.0,141.55,DDoS-PSHACK_Flood,1
0.0563661241531372,45975.0,17.0,64.0,16312.737737959747,16312.737737959747,0.0,0.0,0.0,0.0,0.0,0.0,0.0,0.0,0.0,0.0,0.0,0.0,0.0,0.0,0.0,0.0,0.0,0.0,0.0,0.0,0.0,1.0,0.0,0.0,0.0,1.0,1.0,525.0,50.0,50.0,50.0,0.0,50.0,83016347.05464548,9.5,10.0,0.0,0.0,0.0,141.55,DoS-UDP_Flood,1
0.0,0.0,47.0,64.0,17.24124691959395,17.24124691959395,0.0,0.0,0.0,0.0,0.0,0.0,0.0,0.0,0.0,0.0,0.0,0.0,0.0,0.0,0.0,0.0,0.0,0.0,0.0,0.0,0.0,0.0,0.0,0.0,0.0,1.0,1.0,6216.0,592.0,592.0,592.0,0.0,592.0,83702638.72092839,9.5,34.409301068170514,0.0,0.0,0.0,141.55,Other_Attack,1
31.77060735225677,685503.2,7.1,63.6,84.03697979998314,84.03697979998314,0.0,0.0,0.0,0.0,0.0,1.0,0.0,0.0,0.0,1.4,0.0,183.0,917.4,0.0,1.0,0.0,0.0,0.0,0.0,0.0,1.0,0.0,0.0,0.0,0.0,1.0,1.0,19872.0,66.0,2962.0,1284.327790288487,1057.911757096199,1142.7,166520330.0065663,13.5,50.78270759896963,1495.6916560293175,1124018.638691314,1.0,244.6,BenignTraffic,0
0.0,54.0,6.0,64.0,5.859005390117778,5.859005390117778,0.0,1.0,0.0,1.0,0.0,0.0,0.0,0.0,1.0,0.0,1.0,0.0,0.0,0.0,0.0,0.0,0.0,0.0,0.0,0.0,1.0,0.0,0.0,0.0,0.0,1.0,1.0,567.0,54.0,54.0,54.0,0.0,54.0,83344228.81858943,9.5,10.392304845413264,0.0,0.0,0.0,141.55,DDoS-RSTFINFlood,1
0.101158754825592,128.71,6.1,69.88,19.146627851262807,19.146627851262807,0.0,0.0,0.0,0.0,0.0,0.0,0.0,0.0,0.04,0.05,0.0,0.15,0.22,0.0,0.0,0.0,0.0,0.0,0.0,0.0,1.0,0.0,0.0,0.0,0.0,1.0,1.0,867.05,54.0,190.99,82.27073027557239,37.208477634983545,74.4,82946990.0177791,9.5,12.22235701562552,52.67167712905312,8206.605652427448,0.19,141.55,DoS-TCP_Flood,1
0.0,54.0,6.0,64.0,68.24556208203842,68.24556208203842,0.0,0.0,1.0,0.0,0.0,0.0,0.0,0.0,0.0,1.0,0.0,0.0,0.0,0.0,0.0,0.0,0.0,0.0,0.0,0.0,1.0,0.0,0.0,0.0,0.0,1.0,1.0,567.0,54.0,54.0,54.0,0.0,54.0,82985576.3018293,9.5,10.392304845413264,0.0,0.0,0.0,141.55,DoS-SYN_Flood,1
0.0203921890258789,15398.04,16.89,65.91,22481.19651060041,22481.19651060041,0.0,0.0,0.0,0.0,0.0,0.0,0.0,0.0,0.0,0.0,0.0,0.02,0.04,0.0,0.0,0.0,0.0,0.0,0.0,0.0,0.0,1.0,0.0,0.0,0.0,1.0,1.0,525.72,50.0,50.72,50.08390958628576,0.2182794995772457,50.04,83033276.86882961,9.5,10.00837401000603,0.3089965796315836,0.2806300654520854,0.18,141.55,DoS-UDP_Flood,1
0.0,54.0,6.0,64.0,0.4782220095931632,0.4782220095931632,0.0,0.0,0.0,0.0,0.0,0.0,0.0,0.0,0.0,0.0,0.0,0.0,0.0,1.0,0.0,0.0,0.0,0.0,0.0,0.0,1.0,0.0,0.0,0.0,0.0,1.0,1.0,567.0,54.0,54.0,54.0,0.0,54.0,83037261.13307767,9.5,10.392304845413264,0.0,0.0,0.0,141.55,DDoS-TCP_Flood,1
0.005517828464508,64.42,6.0,64.0,21.99526412337805,21.99526412337805,0.0,0.0,0.0,0.0,0.0,0.0,0.0,0.0,0.01,0.04,0.0,0.02,0.09,0.0,0.0,0.0,0.0,0.0,0.0,0.0,1.0,0.0,0.0,0.0,0.0,1.0,1.0,570.12,54.0,57.12,54.2810722363292,0.8619695701593235,54.24,83076025.25287396,9.5,10.41923909591438,1.2208255621208053,2.9862841608402606,0.26,141.55,DDoS-TCP_Flood,1
0.0623057794570922,9880.0,16.84,64.0,372144.0915058562,372144.0915058562,0.0,0.0,0.0,0.0,0.0,0.0,0.0,0.0,0.0,0.0,0.0,0.0,0.0,0.0,0.0,0.0,0.0,0.0,0.0,0.0,0.0,1.0,0.0,0.0,0.0,1.0,1.0,533.16,50.0,58.16,50.84691503542897,2.3930798249472547,50.48,83123888.26685894,9.5,10.082300062340504,3.387958955579005,35.29072942510031,0.17,141.55,DDoS-UDP_Flood,1
0.2514380669593811,75.6,6.0,64.0,2.3861737657730284,2.3861737657730284,0.0,0.0,1.0,0.0,0.0,0.0,0.0,0.0,0.0,1.4,0.0,0.0,0.0,0.0,0.0,0.0,0.0,0.0,0.0,0.0,1.0,0.0,0.0,0.0,0.0,1.0,1.0,567.0,54.0,54.0,54.0,0.0,54.0,83361209.90498514,9.5,10.392304845413264,0.0,0.0,0.0,141.55,DDoS-SynonymousIP_Flood,1
0.0,54.0,6.0,64.0,2.522316129024498,2.522316129024498,0.0,0.0,1.0,0.0,0.0,0.0,0.0,0.0,0.0,1.0,0.0,0.0,0.0,1.0,0.0,0.0,0.0,0.0,0.0,0.0,1.0,0.0,0.0,0.0,0.0,1.0,1.0,567.0,54.0,54.0,54.0,0.0,54.0,83089231.34020922,9.5,10.392304845413264,0.0,0.0,0.0,141.55,DDoS-SYN_Flood,1
0.5166195392608642,123.36,6.05,63.36,4.026990057832509,4.026990057832509,0.0,0.0,1.0,0.0,0.0,0.0,0.0,0.0,0.0,1.79,0.42,0.0,0.81,0.0,0.0,0.0,0.0,0.0,0.0,0.0,1.0,0.0,0.0,0.0,0.0,1.0,1.0,586.12,55.04,58.52,55.84343317887822,1.0491976820539275,55.86,82973147.71075761,9.5,10.567070283025274,1.4863690803673943,3.000535491995824,0.5,141.55,DoS-SYN_Flood,1
0.0,0.0,44.7,69.73,2.161139003619156,2.161139003619156,0.0,0.0,0.0,0.0,0.0,0.0,0.0,0.0,0.0,0.0,0.0,0.0,0.0,0.0,0.0,0.0,0.0,0.0,0.0,0.0,0.0,0.0,0.0,0.0,0.0,1.0,1.0,6023.28,522.8,592.0,577.0163742209802,28.111909992351865,577.14,83677105.37308607,9.5,33.949143151097566,39.806966496214265,5701.636165964129,0.16,141.55,Other_Attack,1
0.0,0.0,1.0,64.0,10.757142536555024,10.757142536555024,0.0,0.0,0.0,0.0,0.0,0.0,0.0,0.0,0.0,0.0,0.0,0.0,0.0,0.0,0.0,0.0,0.0,0.0,0.0,0.0,0.0,0.0,0.0,0.0,1.0,1.0,1.0,441.0,42.0,42.0,42.0,0.0,42.0,83149690.05952965,9.5,9.16515138991168,0.0,0.0,0.0,141.55,DDoS-ICMP_Flood,1
0.0,174.0,6.0,64.0,3.252216125656398,3.252216125656398,0.0,0.0,1.0,0.0,0.0,0.0,0.0,0.0,0.0,1.0,0.0,0.0,0.0,0.0,0.0,0.0,0.0,0.0,0.0,0.0,1.0,0.0,0.0,0.0,0.0,1.0,1.0,1827.0,174.0,174.0,174.0,0.0,174.0,83089463.50457497,9.5,18.65475810617764,0.0,0.0,0.0,141.55,DDoS-SYN_Flood,1
0.0419925427436828,27556.0,17.0,64.0,296207.86133718526,296207.86133718526,0.0,0.0,0.0,0.0,0.0,0.0,0.0,0.0,0.0,0.0,0.0,0.0,0.0,0.0,0.0,0.0,0.0,0.0,0.0,0.0,0.0,1.0,0.0,0.0,0.0,1.0,1.0,525.0,50.0,50.0,50.0,0.0,50.0,83097812.2698699,9.5,10.0,0.0,0.0,0.0,141.55,DDoS-UDP_Flood,1
46.29911437034607,968429.4,5.5,162.2,58.755678635069465,58.755678635069465,0.0,0.0,0.0,0.0,0.0,1.0,0.0,0.0,0.0,1.2,0.0,254.7,1320.1,0.0,1.0,0.0,0.0,0.0,0.0,0.0,1.0,0.0,0.0,0.0,0.0,1.0,1.0,2424.1,50.0,1160.0,159.27574503025355,270.4627480196288,85.1,166524299.7897445,13.5,17.821695009621227,383.3620454039735,73987.83395460968,1.0,244.6,BenignTraffic,0
0.0,54.0,6.0,64.0,23.670034069060254,23.670034069060254,0.0,0.0,0.0,0.0,0.0,0.0,0.0,0.0,0.0,0.0,0.0,0.0,0.0,0.0,0.0,0.0,0.0,0.0,0.0,0.0,1.0,0.0,0.0,0.0,0.0,1.0,1.0,567.0,54.0,54.0,54.0,0.0,54.0,83072376.0624139,9.5,10.392304845413264,0.0,0.0,0.0,141.55,DDoS-TCP_Flood,1
0.0,54.0,6.0,64.0,4.585189076146994,4.585189076146994,0.0,0.0,0.0,0.0,0.0,0.0,0.0,0.0,0.0,0.0,0.0,0.0,0.0,0.0,0.0,0.0,0.0,0.0,0.0,0.0,1.0,0.0,0.0,0.0,0.0,1.0,1.0,567.0,54.0,54.0,54.0,0.0,54.0,83067303.92660691,9.5,10.392304845413264,0.0,0.0,0.0,141.55,DDoS-TCP_Flood,1
